create database Newspaper;
use Newspaper;

create table Posts(
	id int primary key AUTO_INCREMENT,
    authorId int,
    title varchar(255),
    sub_category int,
    category int,
    publishDate date,
    postExcerpt text,
    content text,
    views int,
    imgLink varchar(255),
    approval int, 
    premium bool
);
/*
approval - xét duyệt
1 - Đã xuất bản
2 - Đã được duyệt & chờ xuất bản
3 - Bị từ chối
4 - Chưa được duyệt
*/

create table Categories(
	id int primary key,
    categoryName varchar(255)
);


create table SubCategories(
	id int,
    categoryId int,
    subcategoryName varchar(255),
    primary key (id, categoryId)
);

create table Tags(
	postId int,
    tagName varchar(255),
    primary key (postId, tagName)
);

create table Users(
	id int primary key AUTO_INCREMENT,
    username char(255) unique,
    passwordString char(200),
    userClass int,
    fullname char(100),    
    dabirthday date,
    email char(50)
);

/*
 user class
 1 - đọc giả - subscriber
 2 - phóng viên - writer
 3 - biên tập viên - editor
 4 - quản trị viên - administrator
*/
 Create table writer(
	id int primary key,
    pseudonym char(50)
 );
 create table subscriber(
	id int primary key,
    expirydate date
 );
 create table editor(
	id int primary key,
    TSEditor bool,
    KdEditor bool,
    GTEditor bool,
    TTEditor bool,
    DLEditor bool
 );
create table Comments(
	commentId int primary key,
    postId int,
    userId int,
    commentContent text
);
alter table SubCategories add constraint FK_SubCategories_Categories foreign key (categoryId) references Categories(id);
alter table Posts add constraint FK_Posts_SubCategories foreign key (sub_category, category) references SubCategories(id, categoryId);
alter table Posts add constraint FK_Posts_Tags foreign key (id) references Tags(postId);
alter table Posts add constraint FK_Posts_Users foreign key (authorId) references Users(id);
alter table Comments add constraint FK_Comments_Posts foreign key (postId) references Posts(id);

insert into Categories values(1,"Thời sự");
insert into Categories values(2,"Kinh doanh");
insert into Categories values(3,"Giải trí");
insert into Categories values(4,"Thể thao");
insert into Categories values(5,"Du lịch");

insert into SubCategories values(1,1,"Trong nước");
insert into SubCategories values(2,1,"Ngoài nước");
insert into SubCategories values(1,2,"Nông sản");
insert into SubCategories values(2,2,"Hải sản");
insert into SubCategories values(1,3,"Phim truyện");
insert into SubCategories values(2,3,"Âm nhạc");
insert into SubCategories values(1,4,"Bóng đá");
insert into SubCategories values(2,4,"Tennis");
insert into SubCategories values(1,5,"Việt Nam");
insert into SubCategories values(2,5,"Thế giới");

insert into Users values(1,"dang","123",4,"Dang Nguyen","1998-08-01","dangnguyen181998@gmail.com");
insert into Users values(2,"hoang","123",3,"Tom Cao","1998-08-01","dangnguyen181998@gmail.com");
insert into Users values(3,"hao","123",1,"Te Hao","1998-08-01","dangnguyen181998@gmail.com");
insert into Users values(4,"duy","123",2,"Duy Trần","1998-08-01","dangnguyen181998@gmail.com");
insert into Users values(5,"an","123",2,"Ân Nguyễn","1998-08-01","dangnguyen181998@gmail.com");
insert into Users values(6,"bao","123",2,"Bảo Lam","1998-08-01","dangnguyen181998@gmail.com");
insert into Users values(7,"minh","123",2,"Nhật Minh","1998-08-01","dangnguyen181998@gmail.com");
insert into Users values(8,"anh","123",2,"Nhật Ánh","1998-08-01","dangnguyen181998@gmail.com");
insert into Users values(9,"ngoc","123",2,"Bảo Ngọc","1998-08-01","dangnguyen181998@gmail.com");
insert into Users values(10,"phuong","123",2,"Phương Vũ","1998-08-01","dangnguyen181998@gmail.com");
insert into Users values(11,"dat","123",2,"Đạt Phan","1998-08-01","dangnguyen181998@gmail.com");

insert into writer values(4,"Duy Trần");
insert into writer values(5,"Ân Nguyễn");
insert into writer values(6,"Bảo Lam");
insert into writer values(7,"Nhật Minh");
insert into writer values(8,"Nhật Ánh");
insert into writer values(9,"Bảo Ngọc");
insert into writer values(10,"Phương Vũ");
insert into writer values(11,"Đạt Phan");

insert into subscriber values(3,"2019-06-16");

insert into editor values(2,true,true,true,true,true);

insert into Tags values(1,'Sài Gòn');
insert into Tags values(2,'Nghệ An');
insert into Tags values(3,'Avengers: Endgame');
insert into Tags values(4,'Fast and Furious');
insert into Tags values(5,'Taylor Swift');
insert into Tags values(6,'Ariana Grande');
insert into Tags values(7,'Champion League');
insert into Tags values(8,'Man Utd');
insert into Tags values(9,'Rafael Nadal');
insert into Tags values(10,'ATP Finals');
insert into Tags values(11,'Ấn Độ');
insert into Tags values(12,'Nhật Bản');
insert into Tags values(13,'Vịnh Hạ Long');
insert into Tags values(14,'Hạ Long');
insert into Tags values(15,'TP Hồ Chí Minh');
insert into Tags values(16,'TP Hồ Chí Minh');
insert into Tags values(17,'Bà Nà Hills');
insert into Tags values(18,'Sơn Doòng');
insert into Tags values(19,'Thái Lan');
insert into Tags values(20,'Nhật Bản');
insert into Tags values(21,'Thái Lan');
insert into Tags values(22,'Bảo hiểm tai nạn');
insert into Tags values(23,'Singapore');
insert into Tags values(24,'Tháp Namsan');
insert into Tags values(25,'Jordan');
insert into Tags values(26,'Châu Âu');
insert into Tags values(27,'Malaysia');
insert into Tags values(28,'Thái Lan');
insert into Tags values(29,'đảo chính Venezuela');
insert into Tags values(30,'Korean Air');
insert into Tags values(31,'dung dịch từ vỏ tôm trà xanh');
insert into Tags values(32,'đóng gói nông sản');
insert into Tags values(33,'khai thác hải sản');
insert into Tags values(34,'Cua hoàng đế Alaska');

insert into posts values(1,4,'Sài Gòn sắp vào mùa mưa',1,1,'2019-04-29','Những ngày tới TP HCM có mưa dông buổi chiều, gia tăng trên diện rộng báo hiệu bước vào mùa mưa.','<p>Dịp lễ 30/4 và 1/5, nắng nóng tại TP HCM và khu vực Nam bộ chỉ xảy ra cục bộ, nền nhiệt phổ biến 33-35 độ C.</p><p>Đài khí tượng thuỷ văn khu vực cho biết, mưa dông đang có xu hướng gia tăng vào chiều tối kèm nguy cơ xảy ra lốc, sét, mưa đá và gió giật mạnh. Riêng TP HCM ban ngày có mưa rào và dông. Đây cũng là kiểu thời tiết đặc trưng trong những ngày đầu tháng 5 đánh dấu Nam bộ vào giai đoạn chuyển mùa mưa.</p><p>Thời gian qua, TP HCM trải qua đợt nắng nóng kéo dài. Nền nhiệt cao nhất duy trì ở mức 37-39 độ C. Do bức xạ, đô thị hoá, nhiệt độ ngoài trời cao hơn lều khí tượng 3-4 độ C khiến người dân luôn mệt mỏi vì oi bức.</p><p>Đến ngày 27 và 28/4, Sài Gòn và Nam bộ đón liên tiếp mưa \’giải nhiệt\’. Lưu lượng mưa ghi nhận đến 89 mm ở Bình Phước, 86 mm ở Bình Dương còn Cà Mau là 36 mm. Tại TP HCM lưu lượng cao nhất đo được ở huyện Hóc Môn là 44,6 mm.</p><p>Nguyên nhân xuất hiện mưa do rãnh thấp xích đạo hoạt động khá mạnh. Ngoài ra, trên cao có áp cao cận nhiệt đới gây nên những nhiễu động, hình thành mây dông gây mưa.</p><p>Dự báo sau đợt nghỉ lễ dài ngày, mưa dông gia tăng, thường kèm lốc, gió giật mạnh và sét nên người dân cần đề phòng khi ra đường.</p><p><strong>Duy Trần</strong></p>',50,'https://i-vnexpress.vnecdn.net/2019/04/29/muangap11536404098680x0-155652-1334-3060-1556520742_500x300.jpg',1, false);
insert into posts values(2,4,'Biển Cửa Lò ken đặc người trong dịp nghỉ lễ',1,1,'2019-04-29','Trong ba ngày, hơn 200.000 người đã đến bãi biển Cửa Lò \(Nghệ An\), khách sạn đều kín phòng.','<p>Dịp lễ 30/4 và 1/5, nắng nóng tại TP HCM và khu vực Nam bộ chỉ xảy ra cục bộ, nền nhiệt phổ biến 33-35 độ C.</p><p>Đài khí tượng thuỷ văn khu vực cho biết, mưa dông đang có xu hướng gia tăng vào chiều tối kèm nguy cơ xảy ra lốc, sét, mưa đá và gió giật mạnh. Riêng TP HCM ban ngày có mưa rào và dông. Đây cũng là kiểu thời tiết đặc trưng trong những ngày đầu tháng 5 đánh dấu Nam bộ vào giai đoạn chuyển mùa mưa.</p><p>Thời gian qua, TP HCM trải qua đợt nắng nóng kéo dài. Nền nhiệt cao nhất duy trì ở mức 37-39 độ C. Do bức xạ, đô thị hoá, nhiệt độ ngoài trời cao hơn lều khí tượng 3-4 độ C khiến người dân luôn mệt mỏi vì oi bức.</p><p>Đến ngày 27 và 28/4, Sài Gòn và Nam bộ đón liên tiếp mưa \’giải nhiệt\’. Lưu lượng mưa ghi nhận đến 89 mm ở Bình Phước, 86 mm ở Bình Dương còn Cà Mau là 36 mm. Tại TP HCM lưu lượng cao nhất đo được ở huyện Hóc Môn là 44,6 mm.</p><p>Nguyên nhân xuất hiện mưa do rãnh thấp xích đạo hoạt động khá mạnh. Ngoài ra, trên cao có áp cao cận nhiệt đới gây nên những nhiễu động, hình thành mây dông gây mưa.</p><p>Dự báo sau đợt nghỉ lễ dài ngày, mưa dông gia tăng, thường kèm lốc, gió giật mạnh và sét nên người dân cần đề phòng khi ra đường.</p><p><strong>Duy Trần</strong></p>',50,'https://i-dulich.vnecdn.net/2019/04/28/cua-lo-2-1556467395_680x0.jpg',1,false);
insert into posts values(3,5,'Scarlett Johansson khổ luyện để diện đồ bó của Black Widow',1,3,'2019-04-30','Người đẹp tập từ ba đến sáu tuần và duy trì chế độ ăn nghiêm ngặt để vào vai điệp viên gợi cảm của Marvel.','<p>Khi Avengers: Endgame công chiếu, tên tuổi Scarlett Johansson lại được hâm nóng với vai Black Widow. Cô là một trong các diễn viên gắn bó lâu nhất với Vũ trụ Điện ảnh Marvel, từ Iron Man 2 (2010). Trên Hollywood Reporter, người đẹp kể chế độ tập luyện đế hóa nữ điệp viên nóng bỏng, thường xuyên xuất hiện trong trang phục bó sát.</p><p>Scarlett chưa từng tập gym trước lúc đóng Black Widow. Khi chuẩn bị quay Iron Man 2, cô làm việc cùng chuyên gia Eric Johnson - người từng huấn luyện Ryan Gosling và Sebastian Stan. Diễn viên quan tâm đến khả năng vận động và mặc vừa trang phục nhiều hơn cân nặng.</p><p>Quá trình tập của Scarlett thường từ ba đến sáu tuần, được chia làm ba giai đoạn. Lúc đầu, cô tập các bài chuyển động để có sự gắn kết giữa tâm trí và cơ thể. Giai đoạn hai nhằm nâng cao sức mạnh, chủ yếu là các bài với tạ. Eric cho biết muốn Scarlett có sức khỏe gần giống nhân vật cô đóng. \’Black Widow có thể nâng 226 kg. Chúng tôi cố tái tạo hình tượng nhân vật đó với một người bình thường\’. Scarlett Johansson - cao 1,6 m -  hiện có thể nâng 111kg và chống đẩy với tạ 20kg trên lưng.</p><p>Ở chặng cuối, Scarlett tập để có cơ thể săn chắc khi lên hình. Người đẹp không thích các bài cardio (tập làm tăng nhịp tim) truyền thống. Cô chạy tăng tốc, tập với dây và tạ chuông (kettlebell). Scarlett chọn các bài này còn vì tư thế đẹp, tao nhã khi tập. \’Nhiều người hay nhăn nhó khi tập nhưng cô ấy không có khuôn mặt đó, trừ khi gặp thử thách mới hoặc bài quá khó\’, huấn luyện viên Johnson nói. Một số môn khác được đưa vào chương trình là thể dục dụng cụ, yoga và pilates (môn gồm chuỗi các bài tập cơ thể).</p><p>Với Avengers: Endgame, Scarlett cho biết gặp khó khăn về tuổi tác và gia đình. Người đẹp đã 34 tuổi khi chuẩn bị quay bom tấn, đồng thời đang chăm sóc con gái 5 tuổi. \’Thật khó để cân bằng giữa việc làm mẹ, tập luyện và công việc\’, cô nói. Cô tập bốn hoặc năm ngày một tuần, mỗi buổi từ 45 phút đến một giờ, bắt đầu từ sáu giờ sáng, trước khi con gái thức giấc.</p><p>Scarlett Johansson còn tuân thủ chế độ ăn nghiêm ngặt để giữ dáng và duy trì năng lượng. Nếu bữa ăn cuối cùng trong ngày lúc chín giờ tối, cô sẽ không ăn tiếp trước chín giờ sáng hôm sau. Trước buổi tập, cô ăn trứng, rau xanh và có thể thêm một số chất khác.</p><p>Trong vài ngày trước khi ghi hình, cô giảm lượng carbohydrate để có đường cong đẹp hơn. Ở những ngày tiêu thụ ít carbohydrate (low-carb), người đẹp nạp chính xác 115 gram protein, 75 gram carbohydrate và 50 gram chất béo. Ở những ngày khác, con số này là 105 gram protein, 125 gram carbohydrate và 35 gram chất béo.</p><p>Nhìn lại quá trình tập luyện, Scarlett Johansson hài lòng với tiến bộ bản thân: \’Tôi mạnh hơn và có khả năng vận động tốt hơn 10 năm trước. Điều đó thật tuyệt vời. Sự khỏe mạnh là môt trong những thứ tuyệt nhất khi làm việc cho Marvel\’. Sắp tới, sao nữ hóa thân Black Widow trong tác phẩm kể về quá khứ nhân vật.</p><p><strong>Ân Nguyễn</strong></p>',50,'https://i-giaitri.vnecdn.net/2019/04/29/Scarlett-Johansson-trong-The-A-3864-7366-1556547901.jpg',1, false);
insert into posts values(4,11,'Đạo diễn "2 Fast 2 Furious" hôn mê sau cơn đột quỵ',1,3,'2019-04-26','Gia đình John Singleton thông báo đạo diễn từng hai lần được đề cử giải Oscar đang nằm viện.','<p>Theo Hollywood Reporter, đạo diễn 51 tuổi đang được điều trị tại khoa cấp cứu của một bệnh viện bang California, Mỹ. Gia đình John chia sẻ ông hôn mê sâu sau cơn đột quỵ cuối tuần trước. Các bác sĩ chưa đưa ra kết luận về tình trạng sức khỏe của đạo diễn.</p><p>Ngày 17/4, John Singleton tới bệnh viện khám chân. Tại đây, ông bị đột quỵ và lập tức được đưa vào phòng cấp cứu. Nguyên nhân dẫn đến vụ việc được gia đình John chia sẻ là \’một sự cố y tế\’.</p><p >Mẹ John - Sheila Ward - chăm sóc ông trong thời gian hôn mê. Gia đình đạo diễn đã đệ đơn xin tòa trao quyền quyết định về tài sản và sức khỏe ông cho Sheila và mới được thông qua. Bà sẽ giúp triển khai các hợp đồng dang dở của đạo diễn để tránh tổn thất về kinh tế.</p><p >Khi biết tin, hãng phim FX - nơi đạo diễn làm việc - chia sẻ: \’John là một chiến binh và chúng tôi biết anh ấy sẽ vượt qua tai nạn này\’. Nhiều ngôi sao như rapper Snoop Dogg, đạo diễn Guillermo del Toro, nhà sản xuất Brian Koppelman gửi lời động viên gia đình John. </p><p>John Singleton sinh năm 1968, là một đạo diễn, nhà sản xuất phim nổi tiếng người Mỹ với những bộ phim như 2 Fast 2 Furious, Boyz n the Hood, Baby Boy... Ông có hai đề cử Oscar cho \’Đạo diễn xuất sắc\’ và \’Kịch bản xuất sắc\’. John đang đồng sản xuất series truyền hình tội phạm Snowfall của kênh FX.</p><p><strong>Đạt Phan</strong></p>',50,'https://i-giaitri.vnecdn.net/2019/04/26/john-singleton-getty-h-2019-5563-1556254165.jpg',1, false);
insert into posts values(5,11,'Taylor Swift phát hành MV mới "Me!"',2,3,'2019-04-26','Ca sĩ Mỹ chia sẻ bài hát mới khuyến khích mọi người tôn vinh và tự hào về tính cách của bản thân.','<p>Nữ ca sĩ hợp tác cùng rocker Brendon Urie của ban nhạc Panic! at the Disco trong dự án mới. MV được phát hành trên kênh Youtube của ca sĩ vào 11h ngày 26/4, theo giờ Việt Nam. Hệ thống truyền tải nhạc trực tuyến Spotify dựng một tấm biển quảng cáo ngoài trời để quảng bá Me!. Trước đó nhiều tuần cô đã úp mở về việc ra single mới.</p><p>Trên sóng ABC, Taylor giới thiệu nội dung ca khúc: \’Me! khuyến khích mọi người tôn vinh và tự hào về tính cách của mình. Tôi muốn viết một ca khúc để người nghe cảm thấy yêu bản thân hơn. Giai điệu dễ nghe của nó sẽ khiến mọi người không thể quên\’. Cô cũng nói tình yêu và sự ủng hộ của người hâm mộ là niềm cảm hứng lớn để cô tiếp tục sáng tác. </p><p>MV do Taylor và Dave Meyers đồng đạo diễn, mở đầu bằng hình ảnh con rắn tan biến thành đàn bướm đầy màu sắc. Từ năm 2016, Taylor Swift chọn hình ảnh loài bò sát để khẳng định rũ bỏ hình tượng \’công chúa đồng quê\’, mở đầu kỷ nguyên Reputation đầy u ám và táo bạo. Không khí MV mới vui vẻ, khác những sản phẩm trước đây như Look What You Made Me Do. Người hâm mộ vui mừng vì Taylor trở lại với hình ảnh tươi vui, trong trẻo từng làm nên tên tuổi cô.</p><p>Người hâm mộ đã chờ đón tác phẩm mới này từ lâu. Tuần trước, Taylor đăng một bức ảnh đồng hồ đếm ngược trên Instagram khiến nhiều fan thích thú. Sau đó, nữ ca sĩ tiếp tục đăng tấm hình một viên kim cương hình trái tim màu hồng cùng dòng chữ \’Ngày 26/4\’.</p><p>Reputation - album gần nhất của cô được phát hành vào tháng 11/2017, đứng đầu về doanh số tại thị trường Mỹ trong năm đó với hơn 1,2 triệu bản được bán ra. Tour diễn quảng bá album đem về cho nữ ca sĩ hơn 345 triệu USD. Đây cũng là tour lưu diễn thành công nhất mọi thời đại tại Mỹ. Mới đây, Taylor Swift được tạp chí Time bình chọn vào top 100 người ảnh hưởng nhất thế giới của năm 2019.</p><p><strong>Đạt Phan</strong></p>',50,'https://i-giaitri.vnecdn.net/2019/04/26/D4XD6M5WwAESOKS-1556248554-9910-1556248761_180x108.jpg',1,true);
insert into posts values(6,11,'Ariana Grande bênh vực Justin Bieber sau sự cố hát nhép',2,3,'2019-04-25','Nữ ca sĩ nói việc khách mời hát lip-sync tại các chương trình là bình thường trong làng giải trí.','<p>Ngày 24/4, Justin Bieber lên Twitter thừa nhận hát nhép. Anh xuất hiện với tư cách khách mời trong phần diễn của Ariana tại lễ hội âm nhạc Coachella hồi cuối tuần. Đây là lần đầu Justin trở lại sân khấu sau gần hai năm nghỉ ngơi. Anh biểu diễn ca khúc Sorry và bị khán giả phát hiện hát nhép.</p><p>Ariana Grande bênh vực đồng nghiệp: \’Chúng tôi quyết định màn diễn đó chỉ 10 phút trước khi lên sân khấu và không có sự chuẩn bị nào. Justin hát lip-sync như mọi nghệ sĩ khách mời khác\’. Nữ ca sĩ cho rằng khán giả quá săm soi Justin và phóng đại sự việc. \’Điều quan trọng là người hâm mộ, bạn bè và thế giới đều vui mừng vì anh ấy đã trở lại\’, cô nói.</p><p>Lời bênh vực của Ariana đến sau khi Justin bị chương trình Nighly Pop bêu riếu  trên sóng truyền hình. Người dẫn chương trình Morgan Stewart cùng các khách mời liên tiếp có những bình luận mỉa mai nam ca sĩ. \’Ít nhất là cậu ta đã cắt tóc và vẫn mặc áo trên sân khấu\’, Morgan nói.</p><p>Justin Bieber đáp trả Morgan trên Twitter: \’Điều tôi thấy khó chịu là cô có một chương trình truyền hình chỉ để cười cợt người khác. Hãy thử học cách giúp đỡ và khuyến khích, cô sẽ thấy mình có thể làm được điều gì đó tích cực cho xã hội. Việc hát nhép của tôi hoàn toàn bình thường\’.</p><p>Trong phần biểu diễn của Ariana Grande, một nghệ sĩ khách mời khác, rapper Nicki Minaj, cũng bị nghi hát nhép.</p></p><p><strong>Đạt Phan</strong></p>',50,'https://i-giaitri.vnecdn.net/2019/04/25/arianaa1-1556161536-4662-1556161888_180x108.jpg',1,false);
insert into posts values(7,6,'De Jong: "Ajax ở cửa dưới so với Tottenham"',1,4,'2019-04-30','Tiền vệ 21 tuổi nhận xét khiêm tốn về Ajax, nhưng vẫn ước mơ về một cú ăn ba trước khi chuyển sang Barca.','<p>\’Tôi không nghĩ Ajax là ứng cử viên vô địch\’, Frenkie De Jong chia sẻ. \’Thậm chí chúng tôi ở cửa dưới trong trận bán kết với Tottenham. Họ đang thi đấu tốt tại Ngoại hạng Anh. Trên lý thuyết, chúng tôi không mạnh hơn nhưng cũng không yếu hơn quá nhiều nếu so với họ. Được xếp cửa trên hay cửa dưới không quan trọng, điều chúng tôi hướng đến là tấm vé vào chung kết\’.</p><p>Ajax sẽ làm khách trên sân Tottenham vào 2h ngày 1/5, theo giờ Hà Nội, trong khuôn khổ bán kết lượt đi. Đại diện Hà Lan đang toàn thắng trên sân khách tại các vòng knock-out ở Champions League năm nay, bao gồm các thắng lợi 4-1 trước Real Madrid và 2-1 trước Juventus.</p><p>\’Chúng tôi tiến xa đến vậy tại Champions League là có lý do\’, tiền vệ sẽ gia nhập Barca vào mùa Hè này nói thêm. \’Ở Hà Lan, chúng tôi cũng đang giữ đỉnh bảng giải VĐQG và vào chung kết Cup quốc gia. Tôi không chắc rằng chúng tôi có thể giành cú ăn ba, nhưng tôi mong rằng Ajax có thể làm được\’.</p><p>Ajax đang đứng trước cơ hội lần đầu giành cú ăn ba trong 24 năm. Họ đang bằng điểm nhưng hơn hiệu số với PSV khi giải VĐQG Hà Lan chỉ còn hai vòng. Đội bóng thủ đô Amsterdam sẽ gặp đối thủ yếu hơn là Willem II ở chung kết Cup quốc gia. Ở Champions League, nếu vượt qua Tottenham, Ajax sẽ vào chung kết và chạm trán Liverpool hoặc Barca, đội bóng mà Frenkie De Jong sẽ gia nhập vào mùa tới với giá 84 triệu đôla.</p><p><strong>Bảo Lam</strong></p>',50,'https://i-thethao.vnecdn.net/2019/04/30/DeJong-1556624098-2075-1556624216_500x300.jpg',1, false);
insert into posts values(8,6,'Pogba: "Tôi được trả tiền không phải để khua môi múa mép"',1,4,'2019-04-30','Tiền vệ Man Utd tỏ ra bất cần trước những chỉ trích vì phong độ đi xuống gần đây.','<p>\’Điều đó không thành vấn đề\’, Pogba nói trên kênh phát thanh RMC về những chỉ trích gần đây. \’Họ được trả tiền để nói trước camera. Tôi chỉ tập trung vào màn trình diễn trên sân cỏ. Họ có thể nói bất cứ điều gì họ muốn, còn tôi được trả tiền không phải cho việc khua môi múa mép. Tôi nhận lương để có mặt trên sân và chiến đấu cho CLB. Đó là những gì tôi quan tâm\’.</p><p>Trong số những người chỉ trích Pogba có cựu đội trưởng Man Utd Roy Keane. Đây không phải điều mới lạ, bởi tiền vệ người Pháp từng chịu nhiều chỉ trích tương tự kể từ sau khi trở lại sân Old Trafford với giá 136 triệu đôla.</p><p>Ở trận gần nhất hòa 1-1 với Chelsea, Pogba gây ấn tượng trong hiệp một với những pha phát động tấn công chính xác. Tuy nhiên, nhà vô địch World Cup 2018 không thể giúp đội bóng có được ba điểm để nuôi hy vọng cho cuộc đua top 4. Man Utd đang kém vị trí thứ tư của Chelsea tới ba điểm khi chỉ còn hai vòng đấu.</p><p>Trước đó, thất bại nặng nề bốn bàn trắng trên sân Everton khiến làn sóng chỉ trích Man Utd lên cao. Pogba thừa nhận anh và đồng đội đã không tôn trọng các CĐV Man Utd. Nhưng trên chương trình bình luận của Sky Sports, Roy Keane cho biết những lời của Pogba là \’không đáng để tin\’ và tiền vệ này chính là \’vấn đề lớn\’ tại Man Utd.</p><p><strong>Bảo Lam</strong></p>',50,'https://i-thethao.vnecdn.net/2019/04/30/paul-pogba-manchester-united-2-6048-2353-1556592963_180x108.png',1, false);
insert into posts values(9,7,'Nadal và dấu hỏi về triều đại sân đất nện',2,4,'2019-04-30','Hai thất bại liên tiếp ở Monte Carlo và Barcelona khiến người hâm mộ nghĩ đến hồi đến của vương triều sân đất nện mà Rafael Nadal thống trị suốt 14 năm qua.','<p>Mùa giải năm ngoái, Nadal chỉ dự 9 giải (chơi trọn vẹn 7 giải). Và khi gần cán đích ở vị trí số một thế giới, anh phải bỏ lỡ bởi chấn thương. Nhưng đó cũng là giai đoạn chói sáng nhất của Nadal - khi hoàn tất ba cú Undecima lịch sử trên sân đất nện ở Monte Carlo, Barcelona và Roland Garros.</p><p>\’Nadal thực chất giống như một siêu anh hùng truyện tranh của Marvel. Trên sân đất nện, cậu ấy giống như một cơn bão hoàn hảo. Hoàn hảo đến mức mà hầu hết các đối thủ chỉ dám nghĩ đến nhặt nhạnh từng điểm số, chứ nào đâu mơ đến chuyện đánh bại nhà Vua\’, cựu tay vợt người Mỹ, Justin Gimelstob, ví von.</p><p>Nhưng một ngôi sao lớn thường sẽ lóe sáng trước khi vụt tắt trong không gian vũ trụ bao la. Kỷ nguyên vũ trụ điện ảnh Marvel (MCU) rồi cũng đến hồi kết sau chuỗi hành trình 11 năm. Mở đầu cho kết thúc là sự thất bại của các siêu anh hùng ở \’Avengers: Infinity War\’ trong việc ngăn chặn Thanos dùng các viên Đá Vô cực xóa sổ một nửa vũ trụ, cho đến sự ra đi đầy bi tráng và hào hùng của \’Người sắt\’ Iron Man ở hồi kết \’Avengers: Endgame\’.</p><p >Bốn trận thua ở mùa giải 2019 cũng chính là bốn nỗi thất vọng lớn nhất của \’Bò tót\’, bởi ba trong số đó đã chặn đứng hành trình đến đỉnh vinh quang tột cùng của Nadal đang chuẩn bị bước sang tuổi 33.</p><p >Rất tự tin với kỹ thuật giao bóng mới tiềm ẩn nhiều yếu tố bất ngờ khiến đối thủ trở tay không kịp vì không thể phán đoán được tốc độ bóng, nhưng Nadal vẫn gục ngã ở trận chiến cuối cùng tại Australia Mở rộng bởi Novak Djokovic. Mục tiêu Grand Slam thứ 18 trôi qua trong sự tiếc nuối, nhưng nỗi đau đó càng bị khoét sâu thêm khi một lần nữa chấn thương đầu gối tái phát khiến Nadal phải nhường vé chung kết Indian Wells cho Roger Federer.</p><p>Những tưởng mùa giải sân đất nện sẽ là nơi Nadal lên tiếng đòi lại những gì đã mất. Nhưng hai giải đấu anh từng tỏa sáng lại chính là nơi khiến \’nhà Vua\’ phải ôm hận.</p><p >Ở trận thua Fognini tại bán kết Monte Carlo, nguyên nhân thất bại đến từ chính bản thân Nadal với 25 lỗi đánh hỏng, trong đó có 15 lỗi từ những cú thuận tay. Trong một trận đấu \’tệ nhất 14 năm qua\’, tay vợt Tây Ban Nha phản kháng yếu ớt trước khả năng đè bóng quá tốt của Fognini, khiến dấy lên câu hỏi về sức khỏe của Nadal mới trở lại sau bốn tuần không thi đấu do chấn thương đầu gối. </p><p >Nhưng đến cuộc tái ngộ Thiem ở Barcelona thì Nadal đã phải \’tâm phục khẩu phục\’. Vẫn chiến thuật cũ từng giành chiến thắng ở Rome 2017 và Madrid 2018, tay vợt 25 tuổi người Áo đã biến Nadal thành cựu vương trên chính sân đấu mang tên Nadal ở Barcelona. \’Cách duy nhất để đánh bại Nadal chính là tấn công chơi áp sát, lấy bóng sớm và buộc anh ấy vào những pha bóng bền\’, Thiem chia sẻ.</p><p >Trong mắt giới chuyên môn, Thiem xuất hiện với sứ mệnh lịch sử. Tay vợt người Áo đã phải trải qua chế độ tập luyện khắc nghiệt của \’Gã điên\’ Sepp Resnik mới có được thành công như hôm nay. Và mấy ai ngờ danh hiệu Masters 1000 đầu tiên trong sự nghiệp của anh lại đến từ mặt sân cứng ở Indian Wells 2019, sau hai trận thua ở chung kết giải đất nện tại Madrid hai năm gần nhất.</p><p >Vén màn bước ra sân triều lộng lẫy, \’Hoàng tử sân đất nện\’ xứng đáng nhận lấy vương miện dành cho người kế vị để đặt dấu kết cho triều đại của Nadal đã tồn tại hơn một thập kỷ.</p><p><strong>Nhật Minh</strong></p>',50,'https://i-thethao.vnecdn.net/2019/04/30/612b00efeff4-1556580726-155658-7380-1751-1556580798_500x300.png',1, false);
insert into posts values(10,6,'ATP Finals chia tay London vào 2021',2,4,'2019-04-25','Giải đấu tám tay vợt nam xếp hạng cao nhất ATP sẽ chuyển khẩu sang thành phố Turin, Italy giai đoạn 2021-2025.','<p>Turin đã giành chiến thắng trong cuộc đua cuối cùng với các đối thủ London, Machester, Singapore và Tokyo. Kể từ năm 2009, ATP Finals được tổ chức tại nhà thi đấu O2 ở London, nhưng sẽ chuyển sang sân Pala Alpitour sau hai năm nữa.</p><p>ATP Finals quy tụ tám tay vợt nam và tám cặp đánh đôi xếp hạng cao nhất vào cuối năm. Tới 2021, giải sẽ có phần thưởng kỷ lục trong làng banh nỉ lên tới 14,5 triệu đôla.</p><p>Khởi đầu vào năm 1970, ATP Finals đã di chuyển qua 15 thành phố khác nhau. Turin sẽ là thành phố đầu tiên ở Italy đăng cai giải đấu hấp dẫn này. Sân Pala Alpitour được khánh thành năm 2005 với sức chứa 15.000 khán giả, lớn nhất trong số các sân trong nhà ở đất nước hình chiếc ủng.</p><p>\’ATP Finals là giải đấu lớn và danh giá nhất trong hệ thống ATP\’, tay vợt số một thế giới Novak Djokovic nói. \’Đây là giải đấu có lịch sử dịch chuyển vòng quanh thế giới và tôi háo hức được chứng kiến Turin tổ chức vào năm 2021\’.</p><p>Ở giải năm 2018, Djokovic đã để thua tay vợt trẻ người Đức Alexander Zverev trong trận đấu cuối cùng.</p><p><strong>Bảo Lam</strong></p>',50,'https://i-thethao.vnecdn.net/2019/04/24/skysports-alexander-zverev-449-6015-8020-1556114726_180x108.png',1, false);
insert into posts values(11,8,'Quảng bá áo dài Việt Nam tại Tuần lễ thời trang toàn cầu ở Ấn Độ',1,5,'2019-04-22','Tiếp tục các nỗ lực quảng bá văn hóa và áo dài truyền thống Việt Nam đến với bạn bè quốc tế, Đại sứ quán Việt Nam tại Ấn Độ đã phối hợp với Câu lạc bộ Điện ảnh và truyền hình quốc tế tại phim trường Marwah Studios, thành phố Noida (Noi-đa) tổ chức tiết mục trình diễn áo dài nam, nữ truyền thống của Việt Nam.','<p>Tiết mục biểu diễn nét đẹp áo dài của Việt Nam nằm trong khuôn khổ Tuần lễ thời trang và thiết kế toàn cầu diễn ra từ ngày 17-19/4 tại Thành phố Điện ảnh (Film City) ở Noida, bang Uttar Pradesh (U-ta Pra-đét) của Ấn Độ. Tiết mục được chuẩn bị công phu và do chính các cán bộ nhân viên và phu quân, phu nhân của Đại sứ quán, các cơ quan bên cạnh Đại sứ quán thể hiện.</p><p>Những mẫu nam, mẫu nữ trưởng thành từ nhiều chương trình quảng bá áo dài Việt Nam trước đó đã có màn trình diễn tự tin và chuyên nghiệp trên sàn catwalk, thu hút sự hò reo cổ vũ cuồng nhiệt của người xem.</p><p>Tham dự Tuần lễ thời trang và thiết kế toàn cầu lần thứ 3 này còn có khoảng 200 nhà thiết kế với 700 mẫu trang phục đại diện cho nhiều quốc gia khác nhau trên thế giới. Bên lề các sự kiện thời trang còn diễn ra 6 hội thảo chuyên đề về báo chí, điện ảnh và thời trang, 8 hoạt động trưng bày các sản phẩm trong lĩnh vực hội họa, trang sức, đồ nội thất.</p>',136,'http://vietnamtourism.gov.vn/images/2019/vnp2004aodai2-092510569.jpg',1, false);
insert into posts values(12,8,'D2C X Inc. ra mắt trang thông tin du lịch Nhật Bản bằng tiếng Việt',1,5,'2019-04-22','D2C X Inc., công ty quản lý trang thông tin du lịch Nhật Bản dành cho các du khách nước ngoài vừa ra mắt thêm phiên bản tiếng Việt và tiếng Hàn.','<p>D2C X Inc., công ty quản lý trang thông tin du lịch Nhật Bản dành cho các du khách nước ngoài có trụ sở ở Tokyo, vừa ra mắt thêm phiên bản tiếng Việt và tiếng Hàn, nâng tổng số ngôn ngữ mà trang web này hỗ trợ lên 5 ngôn ngữ, bên cạnh tiếng Anh, tiếng Trung và tiếng Thái.</p><p>Theo phóng viên TTXVN tại Tokyo, trang thông tin du lịch có địa chỉ tại https://www.tsunagujapan.com gồm 6 chuyên mục, trong đó cung cấp thông tin về văn hóa Nhật Bản, các địa danh nổi tiếng và món ăn ngon ở mỗi địa phương.</p><p>Bên cạnh đó, trang web giúp du khách tìm kiếm nhà hàng và khách sạn ở những nơi họ dự định thăm quan, đồng thời hướng dẫn du khách mua sắm.</p><p>Mặt khác, trang web cũng cung cấp cho du khách một số bí quyết khi đi du lịch Nhật Bản như 12 điều cần lưu ý, hướng dẫn thuốc OTC (thuốc không kê đơn) tại Nhật Bản cho du khách nước ngoài hay 20 cụm từ tiếng Nhật cần sử dụng khi đi du lịch tại đây.</p><p>Đáng chú ý, theo D2C X Inc., công ty này đã sử dụng nhân viên người Việt để sản xuất các nội dung trên trang thông tin cho phù hợp với nhu cầu của du khách Việt Nam.</p><p>Theo D2C X Inc., hiện tại, trang thông tin này thu hút khoảng 1,5 triệu lượt truy cập/tháng. Cùng với việc mở rộng ngôn ngữ hỗ trợ và cải thiện nội dung thông tin, trong tương lai, D2C X Inc. dự kiến sẽ bổ sung thêm các tính năng khác như cho phép du khách đặt phòng khách sạn, nhà hàng và trải nghiệm văn hóa trực tiếp trên trang web.</p><p>Theo thống kê của Tổ chức Du lịch Quốc gia Nhật Bản (JNTO), số lượng du khách đến từ Việt Nam năm 2018 đạt mức cao kỷ lục 390.000 lượt người, tăng 26% so với năm trước đó.</p><p>Trong quý 1 năm nay, số lượng du khách Việt Nam đến Nhật Bản là 120.000 lượt người, tăng 42% so với cùng kỳ năm ngoái.</p>',88,'http://vietnamtourism.gov.vn/images/2019/dulichnhatban.jpg',1, false);
insert into posts values(13,8,'Tổng Thư ký OANA: Cần đẩy mạnh quảng bá hình ảnh Di sản Vịnh Hạ Long',1,5,'2019-04-22','Ông Mustafa Ozkaya, Phó Tổng giám đốc Hãng thông tấn Anadolu (Thổ Nhĩ Kỳ) cho hay đây là một trong số những nơi đẹp nhất mà ông từng ghé thăm, là món quà mà thiên nhiên ban tặng cho Quảng Ninh.','<p>Ngày 20/4, Đoàn đại biểu tham dự hội nghị Ban Chấp hành Tổ chức các Hãng thông tấn châu Á-Thái Bình Dương (OANA) lần thứ 44 đã có chuyến tham quan Di sản thiên nhiên thế giới vịnh Hạ Long của tỉnh Quảng Ninh để tìm hiểu về tiềm năng, thế mạnh của một địa phương đang phát triển từng ngày, hướng tới trở thành một tỉnh dịch vụ, công nghiệp hiện đại, một trung tâm du lịch quốc tế.</p><p>Đến thăm vịnh Hạ Long, ông Mustafa Ozkaya, Phó Tổng giám đốc Hãng thông tấn Anadolu (Thổ Nhĩ Kỳ) cho hay ông rất hạnh phúc khi được tham quan cảnh đẹp hùng vĩ của vịnh Hạ Long, nơi có cảnh đẹp thiên nhiên kỳ vĩ với biển, núi và được đón tiếp nồng hậu bởi những người dân nơi đây. Họ nhiệt tình giới thiệu về cảnh quan vịnh Hạ Long.</p><p>Ông cho biết: \"Đây là một trong số những nơi đẹp nhất mà tôi từng ghé thăm. Vịnh Hạ Long là một món quà mà thiên nhiên ban tặng cho Quảng Ninh. Chúng tôi sẽ giới thiệu về vịnh Hạ Long tới người dân Thổ Nhĩ Kỳ để biết tới kỳ quan di sản thiên nhiên này.\"</p><p>Tỉnh Quảng Ninh nằm ở phía Đông Bắc của Việt Nam, có diện tích đất liền và mặt biển hơn 12.000km2 với dân số khoảng 1,2 triệu người, nằm cách Hà Nội 130km theo trục đường cao tốc.</p><p>Hội tụ đầy đủ các yếu tố đặc thù về vị trí địa lý, tài nguyên và cảnh quan của đất nước Việt Nam nên Quảng Ninh được ví như một \"Việt Nam thu nhỏ.\"</p><p>Cụ thể, Quảng Ninh có đường biên giới trên bộ và trên biển với Trung Quốc; là cửa ngõ giao thương quan trọng và sôi động nhất của Việt Nam với Trung Quốc và ASEAN; có trữ lượng than lớn nhất Đông Nam Á.</p><p>Vùng biển và hải đảo của Quảng Ninh là một vùng địa hình độc đáo với hơn 2.000 hòn đảo trải dài theo đường ven biển 250km. Đặc biệt, Quảng Ninh có vịnh Hạ Long hai lần được UNESCO công nhận là Di sản thiên nhiên thế giới (tháng 12/1994, được công nhận là Di sản thiên nhiên thế giới với giá trị ngoại hạng về mặt thẩm mỹ; tháng 12/2000 được công nhận là Di sản thiên nhiên thế giới theo tiêu chuẩn về giá trị địa chất, địa mạo) và được bình chọn là một trong bảy \"Kỳ quan thiên nhiên mới\" (tháng 11/2011).</p><p>Vịnh Hạ Long bao gồm 1.969 hòn đảo lớn nhỏ, trong đó 989 đảo có tên và 980 đảo chưa được đặt tên, với tổng diện tích 1.553km2.</p><p>Đến nay, Quảng Ninh là một trong số ít địa phương của Việt Nam có hệ thống hạ tầng giao thông phát triển đồng bộ, hiện đại như Cảng hàng không quốc tế Vân Đồn, hệ thống đường cao tốc đồng bộ, kết nối toàn tuyến từ Hà Nội-Hải Phòng-Hạ Long-Vân Đồn và đang triển khai từ Vân Đồn đến Cửa khẩu quốc tế Móng Cái giáp với Trung Quốc; cảng tàu khách quốc tế Tuần Châu và cảng tàu khách quốc tế Hạ Long tiếp nhận các du thuyền quốc tế hạng siêu sang.</p><p>Bên cạnh đó, hạ tầng xã hội của tỉnh được xây dựng đồng bộ với hệ thống bệnh viện, trường học, trung tâm thương mại, khu đô thị, khu nghỉ dưỡng và khách sạn đẳng cấp quốc tế, đảm bảo tiện ích cuộc sống, sẵn sàng phục vụ nhu cầu của người dân và khách du lịch khi đến với Quảng Ninh.</p><p>Nghe giới thiệu về tiềm năng thế mạnh của Quảng Ninh, Tổng Thư ký OANA Vugar Seidov cho rằng Quảng Ninh cần đẩy mạnh công tác quảng bá hình ảnh về Di sản thiên nhiên thế giới của mình tới các hãng thông tấn cũng như tới người dân các quốc gia.</p><p>Theo ông Seidov, quảng bá hình ảnh là biện pháp tốt nhất để quảng bá du lịch, còn nhà báo là công cụ tốt nhất để thực hiện việc quảng bá đó.</p><p>Hội nghị Ban Chấp hành Tổ chức các Hãng thông tấn châu Á-Thái Bình Dương (OANA) lần thứ 44 do Thông tấn xã Việt Nam (TTXVN) đăng cai tổ chức, diễn ra tại Hà Nội từ ngày 18-20/4 có chủ đề "Vì một nền báo chí chuyên nghiệp và sáng tạo."</p>',55,'http://vietnamtourism.gov.vn/images/2019/ttxvnvinhhalong.jpg',1,false);
insert into posts values(14,8,'Cảng tàu du lịch quốc tế Hạ Long tiến tới đón tiếp cả khách quốc tế và nội địa',1,5,'2019-04-19','Cảng tàu du lịch quốc tế Hạ Long đang tiến hành hoàn tất xây dựng khu vực bến cảng nội địa. Nếu bến cảng nội địa chính thức mở cửa thì cảng tàu du lịch quốc tế Hạ Long sẽ trở thành cảng tàu khách du lịch quốc tế chuyên biệt đầu tiên ở Việt Nam đủ năng lực đón cả khách nội địa và khách quốc tế.','<p>Tính đến hết tháng 3/2019, Cảng tàu du lịch quốc tế Hạ Long đã đón 35 chuyến tàu quốc tế cập cảng, với tổng số 52.318 hành khách. Trong đó, tháng 12/2018 cảng đón 2 tàu Celebrity Millennium và World Dream mang theo 5.793 khách và ngày 18/3 vừa qua, 2 tàu Norwegian Jewel và Mein Schiff3 vơi 4.810 khách đã cập cảng. Đây là những tàu 5 sao quốc tế phục vụ khách hàng cao cấp.</p><p>Hiện tại, cảng tàu du lịch quốc tế Hạ Long đang tiến hành hoàn tất xây dựng khu vực bến cảng nội địa. Nếu bến cảng nội địa chính thức mở cửa thì cảng tàu du lịch quốc tế Hạ Long sẽ trở thành cảng tàu khách du lịch quốc tế chuyên biệt đầu tiên ở Việt Nam đủ năng lực đón cả khách nội địa và khách quốc tế.</p><p>Về dịch vụ, thời gian tới, tại đây sẽ có đầy đủ các dịch vụ tiện ích phục vụ nhu cầu của du khách như cửa hàng tiện lợi phục vụ 24h và đồ uống takeway, quầy Tour Agent, dịch vụ đổi tiền, chuỗi cửa hàng lưu niệm và đặc sản vùng miền… Đặc biệt hệ thống cửa hàng miễn thuế - Duty Free - với các mặt hàng cao cấp như rượu ngoại, mỹ phẩm, trang sức cao cấp sẽ đi vào hoạt động.</p><p>Chính thức đi vào hoạt động từ cuối năm 2018, cảng tàu du lịch quốc tế Hạ Long đã trả thành cảng tàu khách du lịch quốc tế chuyên biệt đầu tiên của Việt Nam.</p><p>Cảng tàu du lịch quốc tế Hạ Long được thiết kế đón tàu có tải trọng lớn nhất lên đến 225.000 GRT, với tổng số người lên đến 8.460 (gồm cả hành khách, thủy thủ đoàn), phục vụ được 2 tàu đậu cùng lúc.</p><p>Các hạng mục chính của công trình gồm: cầu cảng, cầu dẫn, bến du thuyền, nhà ga hành khách, nhà công vụ của cơ quan chức năng. Trong đó bến cảng khách dài 406m gồm 6 trụ neo; sảnh đón khách dài 130m, rộng 30m, bến du với tổng số người lên đến 8.460 (bao gồm cả hành khách và thủy thủ đoàn),thuyền được thiết kế hiện đại, đẳng cấp… Đặc biệt, nhà ga Cảng hành khách rộng 4.500 m2 gồm 3 tầng với tổng diện tích 13.500 m2.</p>',208,'http://vietnamtourism.gov.vn/images/2019/cang-hanh-khach-quoc-te-ha-long-1-15555998855062142620489.jpg',1, false);
insert into posts values(15,8,'Ngày hội Du lịch TP Hồ Chí Minh 2019 đạt doanh thu 120 tỷ đồng',1,5,'2019-04-18','Qua 4 ngày diễn ra sôi nổi (11 – 14/4), Ngày hội Du lịch Thành phố Hồ Chí Minh năm 2019 đã khép lại với tổng doanh thu bán hàng từ các doanh nghiệp ước đạt 120 tỷ đồng, tăng 45% so với năm 2018.','<p>Cùng với các hoạt động, tọa đàm, giao lưu và mua bán tour giá ưu đãi, Ngày hội cũng đã thu hút hơn 250.000 lượt khách tham quan. Thông tin được Sở Du lịch Thành phố Hồ Chí Minh cho biết, tại Lễ bế mạc Ngày hội Du lịch Thành phố, diễn ra tối 14/4.</p><p>Riêng đối với Chương trình kích cầu du lịch Thành phố Hồ Chí Minh, các doanh nghiệp đã bán khoảng 1.280 vé. Trong đó, nổi bật là các tour như: Tour Cần Giờ (Chiến khu Rừng Sác, Khu Du lịch Vàm Sát) với 700 vé; Tour du thuyền trên sông Sài Gòn bán được 120 vé; Tour Củ Chi 220 vé; City Tour 200 vé; Tour liên vùng Thành phố Hồ Chí Minh – Phan Thiết bán ra 40 vé. Tổng doanh thu ước đạt khoảng 300 triệu đồng.</p><p>Xuyên suốt chuỗi sự kiện Ngày hội Du lịch còn diễn ra các chương trình Diễn đàn nguồn nhân lực du lịch Việt Nam; Liên hoan Giọng hát vàng ngành du lịch Thành phố, Giao lưu giới thiệu về Startup ứng dụng công nghệ trong du lịch…</p><p>Ban tổ chức đã phối hợp chặt chẽ với các doanh nghiệp giới thiệu đến khách hàng 70.000 tour du lịch trong và ngoài nước được các nhà lữ hành cam kết giảm giá “sốc” cho khách hàng khi đăng ký mua tour tại ngày hội.</p><p>Bên cạnh đó, tại mỗi ngày đều diễn ra sự kiện, các hãng lữ hành giới thiệu chương trình khuyến mãi mới, như: Săn tour 0 đồng bằng hình thức quay số trúng tour miễn phí với 1.000 vé miễn phí dành cho các tour, tuyến trong và ngoài nước…</p><p>Các tour trong nước, nhất là đi các điểm tham quan du lịch tại Thành phố Hồ Chí Minh cũng nhận được nhiều sự quan tâm, hưởng ứng của khách hàng như: Tour Sài Gòn – Chợ Lớn, Cần Giờ, Củ Chi… chỉ có giá từ 275.000 đồng hoặc dưới 1 triệu đồng.</p>',101,'http://vietnamtourism.gov.vn/images/2019/Ngay-hoi-du-lich-TP-HCM.jpg',1, false);
insert into posts values(16,8,'TP Hồ Chí Minh triển khai 9 tour hè ưu đãi cho công nhân, sinh viên',1,5,'2019-04-11','TP Hồ Chí Minh sẽ triển khai 9 tour du lịch kích cầu mùa hè 2019, hướng đến đối tượng khách là học sinh, sinh viên và công nhân lao động trên địa bàn.','<p>Bà Nguyễn Thị Ánh Hoa, Phó Giám đốc Sở Du lịch TP Hồ Chí Minh, cho biết các chương trình du lịch kích cầu được triển khai nhằm thúc đẩy học sinh, sinh viên, công nhân lao động yêu thích tham quan du lịch, tìm hiểu văn hóa lịch sử của TP Hồ Chí Minh; qua đó quảng bá, giới thiệu thành phố như một điểm đến hấp dẫn, thân thiện, an toàn đến với du khách nội địa.</p><p>Chín tour này tập trung đến các điểm du lịch là các di tích lịch sử cách mạng, du lịch sinh thái, du lịch trải nghiệm… với giá tour dao động từ 270.000 - 670.000 đồng/người; các tour liên kết đi Bình Thuận giá từ 1,2 triệu đồng/người. Đó là các tour Bảo tàng TP Hồ Chí Minh - chùa Vĩnh Nghiêm (giá 275.000 đồng/khách, đi về trong ngày và bằng xe); Suối Tiên - GigaMall (450.000 đồng/khách, tour 1 ngày); Cần Giờ - Chiến khu rừng Sác - Bảo tàng 3D (470.000 đồng/khách); Cần Giờ - Chiến khu rừng Sác - Bảo tàng 3D - Du thuyền và ăn tối trên sông Sài Gòn (670.000 đồng/khách, đi về trong ngày); Cần Giờ - Chiến khu rừng Sác - Lăng ông Thủy Tướng - Bảo tàng 3D (990.000 đồng/khách, 2 ngày 1 đêm)…</p><p>Theo thống kê của Sở Du lịch TP Hồ Chí Minh, sau gần 4 tháng triển khai, chương trình kích cầu khách du lịch đến TP Hồ Chí Minh đã thu hút hơn 3.000 khách tham gia, trong đó 70% là khách quốc tế. Chương trình cũng đã nhận được sự quan tâm của đông đảo người dân, doanh nghiệp, đặc biệt là sự quan tâm của du khách. Đã có 21 doanh nghiệp lữ hành và gần 50 đơn vị dịch vụ du lịch đăng ký tham gia chương trình, cũng như nhận được sự đón nhận tích cực từ du khách.</p>',177,'http://vietnamtourism.gov.vn/images/2019/du-lich-tp-hcm-mixtourist.jpg',1, false);
insert into posts values(17,8,'Du lịch dịp nghỉ lễ Giỗ Tổ Hùng Vương và 30-4, 1-5: Nhiều lựa chọn cho du khách',1,5,'2019-04-12','Năm nay, kỳ nghỉ lễ Giỗ Tổ Hùng Vương là 3 ngày; dịp 30-4 và 1-5 được nghỉ 5 ngày là khoảng thời gian phù hợp để có một chuyến du lịch như ý với nhiều du khách. Ngoài ra, việc có tới hai hội chợ du lịch lớn diễn ra tại Hà Nội trong tháng 3 vừa qua với nhiều chương trình khuyến mãi, kích cầu đã thúc đẩy tăng trưởng lượng khách mua tour. ','<p>Trong đợt Giỗ Tổ Hùng Vương tới, dù kỳ nghỉ ngắn nhưng nhiều người cũng có lựa chọn cho mình. Anh Nguyễn Đình Bảo (quận Tây Hồ, Hà Nội) cho hay: “Trong dịp Giỗ Tổ Hùng Vương tới, gia đình tôi sẽ đi tham quan và nghỉ qua đêm trên vịnh Hạ Long. Như thế sẽ không lo cảnh chen lấn hoặc dịch vụ không bảo đảm chất lượng”. </p><p><strong>Linh hoạt theo thời gian nghỉ lễ</strong></p><p>Còn các doanh nghiệp lữ hành cũng tạo thuận lợi cho du khách bằng cách tung ra các tour ngắn ngày với địa điểm gần Hà Nội, như: Mai Châu (Hòa Bình), Mộc Châu (Sơn La) hoặc trong khu vực Đông Nam Á. Trong số này, TransViet đưa ra tour du lịch Singapore 4 ngày 3 đêm, giá 8,99 triệu đồng/người hay tour 4 ngày 3 đêm tại Thái Lan chỉ với 4,99 triệu đồng/khách, có xem Tết té nước.</p><p>Tuy nhiên, như nhiều doanh nghiệp lữ hành nhận định, do hai kỳ nghỉ lễ gần nhau, với khoảng 2 tuần, nên đa số khách đều đăng ký tour dịp lễ 30-4, 1-5 do được nghỉ dài hơn. Ghi nhận từ Công ty Vietrantour cho thấy, du khách chủ yếu tập trung đặt các tour thuê nguyên chuyến bay tới Đài Loan (Trung Quốc) giá 12,5 triệu đồng/người hoặc tour Thái Lan giá chỉ từ 9,99 triệu đồng/người.</p><p>Bà Trần Thị Bảo Thu, Giám đốc Tiếp thị truyền thông Fiditour thông báo, các tour du lịch tới châu Âu, Australia, Nhật Bản, Hàn Quốc, Đài Loan (Trung Quốc) của doanh nghiệp đã kín chỗ. Các tour tới Thái Lan, Singapore, Malaysia... gần kín khách. Đặc biệt, tour Trương Gia Giới - Phượng Hoàng Cổ Trấn (Trung Quốc) được nhiều khách đặt, khiến số lượng vé bán của tour này tăng liên tục.</p><p>Cũng liên quan đến các tour đi nước ngoài, ông Phạm Văn Bảy, Phó Giám đốc Vietravel khu vực Hà Nội cho biết: “Thời gian nghỉ kéo dài 5 ngày nên các tour du lịch nước ngoài trong khoảng 4-6 ngày được rất nhiều du khách đăng ký. Các tour tới Thái Lan từ 7,9 triệu đồng/người, Trung Quốc từ 10,9 triệu đồng/người, Hàn Quốc từ 13,9 triệu đồng/người, Nhật Bản từ 27,9 triệu đồng/người… được nhiều du khách lựa chọn bởi vừa kết hợp du lịch, mua sắm vừa thưởng ngoạn cảnh đẹp…\".</p><p>Các tour nội địa dịp lễ 30-4 và 1-5 cũng hút khách không kém. Tại Vietrantour, lượng lớn khách quan tâm đến sản phẩm tour Cần Thơ - Côn Đảo, Cần Thơ - Cà Mau, Phú Quốc, Tuy Hòa - Quy Nhơn, Đà Nẵng - Huế có giá chỉ từ khoảng 4 triệu đồng/người. Tại Hội chợ du lịch quốc tế Việt Nam - VITM Hà Nội 2019 vừa qua, tour Phú Quốc khởi hành sát dịp lễ 30-4 và 1-5 của doanh nghiệp này bán hết chỗ ngay ngày đầu khai mạc hội chợ.</p><p>Còn theo đại diện Fiditour, khoảng thời gian này diễn ra nhiều sự kiện, lễ hội chào đón mùa hè ở Phú Quốc, Nha Trang, Đà Nẵng, Hạ Long… nên du khách đặt mua tour đến đây nhiều. Các tour du lịch mang tính liên kết, khám phá các khu bảo tồn và di sản thiên nhiên thế giới, như: “Hành trình di sản miền Trung”, vòng cung miền núi phía Bắc như Sa Pa (Lào Cai) và một số địa phương tại Hà Giang, Quảng Ninh, Hải Phòng... cũng khá đắt khách.</p><p><strong>Giá tour tăng không đáng kể</strong></p><p>Theo đại diện của Vietravel, các tuyến điểm trong nước được rất đông khách hàng lựa chọn bởi giá không tăng, phù hợp với nhiều gia đình, như: Mộc Châu từ 1,65 triệu đồng/người, Sa Pa từ 2,99 triệu đồng/người, Huế - Đà Nẵng từ 6,99 triệu đồng/người…Các doanh nghiệp lữ hành cũng khẳng định, giá tour dịp nghỉ lễ năm nay có biến động nhẹ so với năm ngoái (thường dưới 10%) do việc tăng giá vé máy bay, phụ phí hàng không hay chính sách giá lưu trú… Tuy vậy, mức tăng trên chưa tác động mạnh đến giá tour. Ngoài ra, sự đa dạng hóa sản phẩm, nhiều tour, các tuyến, điểm du lịch mới được mở ra, giúp du khách có nhiều lựa chọn. Nhờ vậy, sẽ phân tán lượng du khách đến nhiều điểm nên hạn chế được hiện tượng khách đổ dồn vào một số tuyến, điểm gây tăng giá dịch vụ do quá tải.</p>',224,'http://vietnamtourism.gov.vn/images/2019/Sun-World-Ba-Na-Hills.jpg',1,false);
insert into posts values(18,8,'Khám phá thêm nhiều bí ẩn của hang Sơn Đoòng',1,5,'2019-04-09','(TITC) – Hang Sơn Đoòng (Quảng Bình) – hang động lớn nhất thế giới với cảnh quan hùng vỹ luôn hấp dẫn các nhà khoa học cũng như các nhà thám hiểm. Cuối tháng 3 vừa qua, nhóm thám hiểm thuộc Hiệp hội nghiên cứu hang động Hoàng gia Anh (BCRA) đã có chuyến lặn thám hiểm sông ngầm trong hang Sơn Đoòng nhằm khám phá những bí ẩn của hang động nổi tiếng này.','<p>Chiều ngày 9/4, UBND tỉnh Quảng Bình phối hợp với Bộ Ngoại giao đã tổ chức buổi họp báo quốc tế thông tin về chuyến lặn thám hiểm trong hang Sơn Đoòng. Cuộc thám hiểm được thực hiện vào thời gian cuối tháng 3 vì đây là thời điểm lý tưởng với mực nước xuống thấp, thời tiết mát mẻ và tầm nhìn dưới nước tốt.</p><p>Nhóm thợ lặn thực hiện cuộc thám hiểm này là các chuyên gia lặn hang động hàng đầu thế giới, với trưởng nhóm là ông Martin Holroyd, cùng ba thành viên đã từng giải cứu thành công đội bóng nhí Lợn Hoang tại hang Tham Luông, Thái Lan vào năm 2018.</p><p>Theo đại diện tỉnh Quảng Bình, mục tiêu của chuyến khảo sát là tìm ra đoạn hang ngầm nối giữa hang Sơn Đoòng và hang Thung cách nhau 600m, với nhận định ban đầu khi đạt độ sâu 25m thì đoạn sông ngầm bên trong hang Sơn Đoòng sẽ chạy ngang để nối với dòng sông ngầm bên trong Hang Thung.</p><p>Tuy nhiên, khi nhóm chuyên gia đo độ sâu của dòng sông ngầm bằng dây thì đáy của dòng sông ngầm bên trong Sơn Đoòng nằm ở độ sâu là 93m do đó các chuyên gia lặn phải tìm kiếm các điểm trần hang ngầm với độ sâu khoảng 40-45m để có thể dùng bình khí nén hiện tại cùng với hệ thống rebreath để có thể lặn bên dưới hang ngầm nhiều giờ.</p><p>Kết quả, các chuyên gia lặn đã phát hiện một hệ thống hang ngầm nằm ở độ sâu 60m, càng xuống sâu càng mở rộng. Như vậy, độ sâu của hang Sơn Đoòng được xác định tăng lên 500m tính từ cửa hang và đây vẫn chưa phải là con số cuối cùng. Phát hiện mới này đã giúp hang Sơn Đoòng tiếp tục trở thành điều bí ẩn đối với các chuyên gia hang động và các nhà khoa học.</p><p>Ngoài dòng sông ngầm bên trong hang Sơn Đoòng, các chuyên gia lặn hang động còn khảo sát khu vực suối Nước Moọc bên trong Vườn quốc gia Phong Nha – Kẻ Bàng. Theo nhận định từ các chuyên gia, hệ thống hang động đá vôi tại Phong Nha – Kẻ Bàng được chia thành 3 tầng gồm hang khô, hang nước có dòng chảy và hang ngầm nằm ở độ sâu trên 93m.</p><p>Ông Trần Tiến Dũng – Phó Chủ tịch UBND tỉnh Quảng Bình nhấn mạnh, kết quả khảo sát lần này đã mở ra một trang khám phá mới về hệ thống hang ngầm nằm ở độ sâu trên 90m, mở cánh cửa cho các nhà thám hiểm hang động khảo sát thêm hệ thống hang động nằm sâu dưới lòng đất. Đây cũng là cơ sở, thế mạnh để Quảng Bình tiếp tục trở thành điểm đến của du lịch mạo hiểm hấp dẫn du khách trong và ngoài nước.</p>',238,'http://vietnamtourism.gov.vn/images/2019/tham-hiem-lan-SD1.jpg',1,false);
insert into posts values(19,8,'Khách nước ngoài bị ngồi tù vì nhặt điện thoại ở Thái Lan',2,5,'2019-04-22','Khi nhặt được chiếc điện thoại ở gần sân bay Chiang Mai, du khách Anh không nghĩ rằng nó là nguyên nhân khiến anh phải ngồi tù.','<p>Chris Dodd, 29 tuổi, bay tới Thái Lan du lịch vào đầu tháng 4. Phượt thủ Anh nhặt được một chiếc điện thoại trong máng nước ngoài sân bay Chiang Mai. Sau đó, anh cầm điện thoại trên tới nhà nghỉ cách sân bay khoảng 10 phút lái xe. </p><p>Nam du khách không ngờ hành động vô tình này khiến anh rơi vào vòng lao lý. Camera ở sân bay chỉ ra anh tới một địa điểm mới cùng chiếc điện thoại di động. Theo luật Thái Lan, việc cầm một vật nào đó không phải của mình đi từ nơi này tới nơi khác bị coi là hành vi trộm cắp. Những người phạm tội phải đối mặt với bản án 3-5 năm tù, nộp phạt từ 6.000 tới 10.000 baht (4,4 triệu đến 7,3 triệu đồng).</p><p>Chris bị cảnh sát bắt ngay sau đó và giam 12 ngày, đối mặt với án tù 5 năm. Bạn bè, người thân của nam du khách đã gây quỹ được gần 830.000 baht (hơn 600 triệu đồng) để anh có tiền nộp phạt và thuê người bào chữa tại Thái Lan. Dưới sự giúp đỡ của luật sư, tòa án đã hủy cáo buộc đối với Chris. Ngay sau khi được thả, nam du khách bay về Anh đoàn tụ cùng gia đình ngày 19/4. </p><p>Chủ sở hữu chiếc điện thoại mà anh nhặt được đã lên tiếng xác nhận Chris không phải kẻ trộm. </p><p>Mike, bố của Chris, cho biết rất nhẹ nhõm khi con trai thoát khỏi tù tội. Gia đình anh gửi lời cám ơn tới những người đã quyên góp tiền để giúp Chris.</p>',230,'https://i-dulich.vnecdn.net/2019/04/22/top-6509-1555910904.jpg',1,false);
insert into posts values(20,8,'Quán cà phê Nhật khiến khách thích ở trong toilet hơn ra ngoài',2,5,'2019-04-21','Không ít khách đến quán đã dành nhiều thời gian ngồi trong nhà vệ sinh dưới nước để ngắm cá bơi, hơn ở bên ngoài nhâm nhi đồ uống.','<p>Hipopo Papa, quán cà phê nhỏ nằm bên bờ biển Hayashizaki Matsue, thành phố Akashi, có vẻ ngoài giống như nhiều hàng khác ở Nhật Bản. Tuy nhiên, trong hơn 12 năm nay kể từ khi thành lập, quán luôn trở thành địa điểm thu hút khách nhờ sở hữu một nhà vệ sinh độc đáo.</p><p>Chủ quán đã bỏ ra một số tiền lớn, khoảng 270.000 USD để xây một nhà vệ sinh dưới nước, xung quanh là bể cá và rùa khổng lồ. Nhà vệ sinh này chỉ dành cho phụ nữ, nhưng khi quán vắng khách, nhân viên cũng sẽ cho phép nam giới bước vào.</p><p>Cũng vì nhà vệ sinh này, quán gặp vài rắc rối. Nhiều thực khách đến quán, đã dành thời gian ngồi ở đây để ngắm cá nhiều hơn là ra bên ngoài gọi đồ ăn, thức uống. Một số khách cho biết, đây là một trải nghiệm kỳ lạ và họ không thoải mái lắm khi đi vệ sinh trong một toilet dưới nước. Nhiều người còn có cảm giác \"sợ hãi\" khi sử dụng nhà vệ sinh này.</p>',252,'https://i-dulich.vnecdn.net/2019/04/19/123-1555664350-2514-1555664415.png',1,true);
insert into posts values(21,8,'Du khách Anh bị hãm hiếp khi du lịch Thái Lan',2,5,'2019-04-19','Sau khi say rượu và ngủ lại bên đường, cô gái 21 tuổi bị một người đàn ông Thái Lan cưỡng bức.','"<p>Nữ du khách Anh cùng một người bạn đi du lịch tại đảo Koh Phi Phi, miền nam Thái Lan. Ngày 14/4, cả hai tham gia lễ hội té nước trước khi quay về khách sạn. Tuy nhiên, họ say rượu và ngủ lại trước cửa một nhà hàng.</p><p>Vào sáng hôm sau, nữ du khách phát hiện mình bị cưỡng hiếp và lập tức báo cho cảnh sát. \"Điều tra viên đưa cô ấy tới bệnh viện để giám định về xâm hại tình dục. Trong khi đó, cảnh sát tới hiện trường để tìm kiếm chứng cứ và kiểm tra CCTV\", đại diện Sở cảnh sát địa phương cho hay.</p><p>Camera bên ngoài nhà hàng và một số nơi gần đó cho thấy người đàn ông tên Changsanan có biểu hiện khả nghi khi đi lại hiện trường vào rạng sáng 15/4.</p><p>Changsanan bị bắt vào sáng hôm sau và đã thú nhận hành vi của mình. Hắn khai đã sử dụng kéo để cắt quần bò của nữ du khách và xâm hại. Tên này phải đối mặt với cáo buộc cưỡng hiếp và có hành vi đe dọa tới người không có khả năng chống cự.</p><p>Các nhà chức trách đã gửi lời chia buồn tới nạn nhân và cho biết rất tức giận khi sự việc làm xấu hình ảnh của du lịch địa phương. Vụ tấn công xảy ra trong thời điểm tổ chức Tết Songkran, lễ hội cầu may đầu năm của Thái Lan.</p><p>Trong những năm gần đây, Thái Lan đã tổ chức Songkran trên quy mô lớn, các hoạt động sôi động thường kéo dài cả tuần, thu hút khách từ khắp nơi trên thế giới. Trong thời gian lễ hội, cảnh sát luôn cố gắng ngăn chặn tình trạng say rượu, đồng thời khuyến cáo phụ nữ nên ăn mặc kín đáo để phòng ngừa bị tấn công tình dục.</p>',311,'https://i-dulich.vnecdn.net/2019/04/19/1-5371-1555647182.jpg',1,true);
insert into posts values(22,8,'Những tai nạn du khách không ngờ có thể "bắt đền" bảo hiểm',2,5,'2019-04-19','Một phụ nữ được đền tiền khi làm rơi điện thoại trong lúc cưỡi voi ở Sri Lanka.','<p>Chuyên gia bảo hiểm du lịch Australia, Jonathan Etkind, cho biết, có nhiều tai nạn xảy ra trong các kỳ nghỉ của du khách, mà họ ngỡ rằng chúng quá nhỏ hoặc sẽ không được bồi thường. Trên thực tế, nhiều người đã được trả bảo hiểm cho những sự cố mà họ không ngờ tới.</p><p>Theo đó, khi du lịch nước ngoài, bạn tham gia vào các môn thể thao như chơi bóng lăn zorbing, ngồi xe trượt tuyết do chó kéo, cưỡi đà điểu... Khi gặp sự cố, hãy liên lạc ngay với bên bảo hiểm. Nếu bạn bị thương vì những trò chơi này, bạn có thể đòi bồi thường.</p><p>Một hãng bảo hiểm du lịch của Australia cho biết, vào tháng hai, họ trả tiền cho một phụ nữ làm rơi điện thoại. Sự cố xảy ra khi cô đang cưỡi voi ở Kandy, Sri Lanka.</p><p>Nếu đi tour du thuyền, bạn có thể kiện và đòi bồi thường nếu thuyền trưởng đi không đúng hành trình, bỏ rơi bạn trên bến cảng. Số tiền mà du khách nhận được vào khoảng 50-100 USD, tối đa là 1.000 USD.</p><p>Nếu bạn trên đường ra cảng lên tàu gặp một tai nạn và đến trễ, hãng bảo hiểm sẽ có trách nhiệm chi trả mọi chi phí mà bạn đã đặt trước trong tour đó. Nếu bị say tàu xe hoặc ốm trên du thuyền, bạn cũng có thể được đền bù 75 USD một ngày. Số tiền tối đa bạn có thể được nhận là 2.500 USD.</p><p>Trong nhiều chuyến đi, du khách lên kế hoạch nghỉ dưỡng một tuần. Nhưng bạn đồng hành của họ bị ốm, và họ phải rút ngắn chuyến đi. Nhiều người chỉ nghĩ đây là một sự cố không may, nhưng không phải ai cũng biết rằng họ có khả năng được bảo hiểm đền tiền vì lý do này. </p><p>Chính sách bảo hiểm du lịch sẽ giúp bạn được hoàn trả tiền phòng, các dịch vụ mà bạn đặt trước nhưng không sử dụng, dù đây là lỗi từ phía bạn.</p><p>Nếu nhà của bạn bị trộm khi đang đi du lịch, bạn cũng sẽ được bảo hiểm hỗ trợ một phần.</p><p>Do đó, các chuyên gia cho rằng việc mua bảo hiểm du lịch là việc mọi người nên làm trước các chuyến đi. Điều này sẽ giúp bạn bảo đảm tài chính nếu gặp phải sự cố trên đường. Trước khi lên đường, bạn hãy nhớ đọc kỹ mọi điều khoản trong bản hợp đồng để biết được, mình sẽ được bảo vệ ở những tình huống nào.</p>',531,'https://i-dulich.vnecdn.net/2019/04/19/delay-2960-1555646223.jpg',1,true);
insert into posts values(23,8,'Singapore ngừng đóng dấu xuất cảnh cho khách quốc tế',2,5,'2019-04-19','Quy định mới từ 22/4 cho phép khách nước ngoài xuất cảnh nhanh và thuận tiện hơn.','<p>Cơ quan quản lý xuất nhập cảnh Singapore (ICA) thông báo sẽ áp dụng quy định làm thủ tục tự động tại tất cả các trạm kiểm tra để tạo điều kiện xuất cảnh thuận lợi hơn cho khách quốc tế.</p><p>Tháng 8/2017, nhà ga T4 của sân bay Changi đã bắt đầu áp dụng chính sách này. Tại đây, hành khách có thể tự gửi hàng lý và qua cửa an ninh nhờ hệ thống nhận diện khuôn mặt. Hệ thống này giúp tiết kiệm 20% nhân lực cho sân bay.</p><p>Tháng 9/2016, những khách nước ngoài đã lấy vân tay qua hệ thống BioScreen khi đến Singapore có thể vào làn tự động để làm thủ tục khi rời đảo quốc sư tử. Hệ thống này giúp ICA xác nhận danh tính của khách quốc tế mà không cần kiểm tra hộ chiếu.</p><p>Trước đó, khách nước ngoài rời Singapore đều được đóng dấu kèm ngày xuất cảnh vào hộ chiếu tại những điểm kiểm tra an ninh.</p>',99,'https://www.skybit.info/wp-content/uploads/2018/07/Singapore-Blockchain-700x400.jpg',1,false);
insert into posts values(24,8,'Bí kíp tham quan tháp Namsan ở Hàn Quốc',2,5,'2019-04-18','Ngọn tháp ở Seoul có nơi treo khóa để thể hiện tình yêu của các đôi tình nhân.','<p>Tháp Namsan là một địa điểm tham quan mà khi đến Seoul (Hàn Quốc) du khách nhất định phải một lần ghé thăm. Bạn có thể đến đây vào bất cứ mùa nào trong năm bởi mỗi mùa lại mang một vẻ đẹp và nét thu hút riêng. Dưới đây là một vài bí kíp để bạn có được một chuyến tham quan trọn vẹn.</p><p><strong>Để đến được tháp Namsan, bạn có hai phương án sau: xe bus hoặc cáp treo.</strong></p><p>- Nếu di chuyển bằng xe bus, bạn có thể chọn một trong hai tuyến:</p><p>Tuyến 1: Sau khi xuống tàu điện ngầm, bạn tìm line 6 đến bến Itaewon và ra cửa số 4. Tiếp theo, bạn bắt xe buýt màu xanh lá số 03 \"Namsan Tour\" để đến địa điểm tham quan.</p><p>Tuyến 2: Bạn xuống  line số 3 hoặc 4 đến ga Chungmuro. Đến cửa  ra số 2, bắt bus 02 hoặc xe buýt số 05 để tới N Seoul Tower - Tháp Namsan Seoul. Nếu đi bằng cách này bạn có thể tham quan thêm làng cổ Namsangol Hanok.</p><p>Mỗi tuyến xe bus đều chạy từ 8h đến 0h sáng hôm sau nên bạn yên tâm có thể đến tháp Namsan bất cứ thời điểm nào trong ngày.</p><p>- Cách thứ 2 là đi cáp treo: Từ line số 4 đến trạm tàu điện Myeong-dong đi dọc theo đường phía bên tay phải của khách sạn Pacific khoảng 10 - 15 phút.</p><p>Chi phí tham quan tháp Namsan là 10.000 won cho người lớn và 8.000 won với trẻ em. Tuy nhiên, nếu bạn tham quan cả tháp Namsan, bảo tàng và đảo mèo Kitty thì chi phí sẽ là 26.000 won.</p><p><strong>Đến tháp Namsan Seoul, bạn có nhiều lựa chọn để trải nghiệm một ngày ở ngọn tháp cao nhất Seoul. Sau đây là một vài gợi ý thú vị cho bạn:</strong></p><p>1. Trung tâm trải nghiệm Văn hóa Hanbok của tháp Namsan Seoul: Nơi bạn được khoác lên người những bộ quần áo truyền thống của người dân và trải nghiệm những văn hóa thú vị của xứ sở kim chi Hàn Quốc.</p><p>2. Đài quan sát: Nơi bạn có thể ngắm nhìn toàn cảnh Seoul từ độ cao 480 m.</p><p>3. Hàng rào tình yêu: Bức rào với vô số những chiếc móc khóa được treo lên với ý nghĩa sẽ gắn kết tình yêu giữa hai người mãi mãi sẽ là lựa chọn tuyệt vời cho các đôi đang yêu khi đến với tháp Namsan.</p>',95,'https://i-dulich.vnecdn.net/2019/04/18/hoa-anh-dao-1-8768-1555576304.jpg',1,false);
insert into posts values(25,8,'Trải nghiệm những điều thú vị ở Jordan',2,5,'2019-04-18','Du khách tận hưởng cảm giác ngủ đêm ở \’thung lũng ánh trăng\’, khám phá biển Chết, thành phố cổ Petra.','<p>Jordan với những kỳ quan thiên nhiên và kỳ tích của người xưa như cổ thành Jerash, đền Hẹc-Quin, nhà hát La Mã, sa mạc đỏ Wadi Rum, biển Chết và thành phố hoa hồng Petra. </p><p><strong>Ngủ đêm ở \"thung lũng ánh trăng\" Wadi Rum</strong></p><p>Sa mạc Wadi Rum quyến rũ bởi màu nâu đỏ đặc thù của địa chất, có thể cho bạn cảm giác như lạc vào Hoả tinh. Sắc màu được tạo nên bởi thành phần hoá học mà người ta gọi là ôxít sắt. Sa mạc lớn nhất Jordan này nằm về phía Tây Nam của đất nước, cách thủ đô Amman hơn 300km và cách Petra chỉ hơn 100km. Góc sa mạc này đã được UNESCO công nhận là di sản thiên nhiên thế giới và là điểm đến yêu thích của khách du lịch vùng Địa Trung Hải, chỉ sau Petra.</p><p>Khi du lịch Jordan, bạn không nên bỏ qua cơ hội trải nghiệm cảnh ngủ đêm trong lều trên sa mạc. Vào ban đêm nhiệt độ xuống thấp, vì vậy những ngôi lều của người Bedouin hoặc các bộ lạc du mục trên sa mạc khác đều được làm từ lông cừu để giữ ấm cho người ngủ bên trong. </p><p>Du khách trải nghiệm bầu trời đêm Trung Đông vắng lặng đầy sao, lắng nghe tiếng gió thổi qua những cồn cát. </p><p><strong>Trải nghiệm cảm giác \"không trọng lực\" trên biển Chết </strong></p><p>Biển Chết nằm ở lưu vực giữa Jordan và Israel. Hàng triệu năm về trước, do kiến tạo địa chất, một vết nứt dài mà người ta đặt tên là đại thung lũng (Valley Rift), kéo dài từ dãy núi Taurus ở Thổ Nhĩ Kỳ tới thung lũng Zambezi ở miền nam châu Phi. Nói cách khác, bản thân biển đã tự tách ra khỏi Địa Trung Hải để rồi hình thành nên một hồ muối rộng lớn dài 76 km, chỗ rộng tới 18 km, chỗ sâu là 400 m.</p><p>Qua nhiều biến đổi địa chất cũng như khí hậu, nước trong hồ trở nên mặn khiến không có sự sống của loài động thực vật nào có thể sinh trưởng được. Biển không còn hoà vào đại dương. Để cứu biển bởi những biến đổi khí hậu nhanh chóng trong tương lai, người ta đã lên kế hoạch để đào một con kênh đưa nước từ biển Đỏ, chạy ngang qua Israel và đổ vào \"nuôi\" biển.</p><p>Cũng chính bởi độ mặn của nó mà du khách có thể dễ dàng nổi trên mặt nước ngay cả khi không biết bơi. Ngoài ra, bùn khoáng ở biển Chết còn được cho là có nhiều công dụng chữa bệnh và dưỡng da. </p><p><strong>Khám phá thành phố cổ Petra</strong></p><p>Petra từng là cố đô của vương quốc Nabataen hưng thịnh từ thế kỷ thứ VI trước công nguyên, Petra phát triển hùng mạnh cho tới khi khuất phục trước đế chế La Mã vào thế kỷ thứ II sau công nguyên.</p><p>Từ thế kỷ XII, cái tên Petra gần như bị lãng quên, cả thành phố chìm vào hoang phế. Đến thế kỳ XIX, một du khách người Thụy Sĩ cải trang thành người Bedouin và tìm ra thành phố cổ đã ngủ yên trong quá khứ. </p><p>Hình dung về Petra, đó là hình ảnh một cô gái khoác trên mình bộ trang phục rực màu đá núi. Có lẽ vì vậy người ta vẫn hay gọi Petra bằng mệnh danh đầy mĩ miều là thành phố hoa hồng đỏ. </p><p>Jordan chưa có Đại Sứ Quán ở Việt Nam nên để có được visa nhiều người phải bỏ ra một khoản chi phí không hề nhỏ để bay sang Kualalumpur ở Mã Lai hay tận Bắc Kinh Trung Quốc để nộp hồ sơ.</p><p>Hiện, Công ty du lịch chuyên tour trải nghiệm và độc lạ Offtrack Travel sẽ cung cấp dịch vụ visa Jordan từ Việt Nam cho các khách hàng muốn trải nghiệm vùng đất Trung Đông xinh đẹp. </p><p>Thủ tục visa Jordan, hồ sơ bao gồm:</p><p>- Hình chụp trang 2,3 hộ chiếu</p><p>- Hình chụp tất cả các trang có visa và dấu nhập cảnh trên hộ chiếu, sao kê giao dịch ngân hàng 3 tháng gần nhất (dành cho người đi làm), hoặc hình chụp/scan sổ tiết kiệm tối thiểu 100 triệu đồng, thời hạn 6 tháng, hình chụp/bản mềm vé máy bay 2 chiều, booking khách sạn. </p><p>Điều kiện và điều khoản:</p><p>- Đăng ký và gửi hồ sơ chậm nhất một tháng trước ngày khởi hành, thời gian có visa từ 2-3 tuần.</p><p>- Cọc 3 triệu đồng khi đăng ký, thanh toán phần còn lại khi nhận được xác nhận visa.</p><p>- Hoàn tiền 100% nếu không đậu visa.</p><p>- Chi phí: 6,8 triệu đồng một khách, gồm Visa Jordan, xác nhận bay, hỗ trợ nhập cảnh sân bay/cửa khẩu từ Jordan, tặng kèm simcard điện thoại và internet 10Gb + gói bảo hiểm du lịch cao cấp với mức bồi thường lên đến một tỷ đồng.</p>',97,'https://i-dulich.vnecdn.net/2019/04/18/16-4-201925-w500-5510-1555557194.png',1,false);
insert into posts values(26,8,'Cách tắm trong hồ âm độ của \’người băng\’ ở châu Âu',2,5,'209-04-15','Nhiều du khách đổ xô đến các nước Bắc Âu có thời tiết lạnh giá hàng năm để nhảy vào các hố băng tắm.','<p>Mỗi năm, hàng nghìn khách du lịch lại đổ xô đến Ba Lan để bơi trong những hồ nước đóng băng, với nhiệt độ luôn xuống dưới 0 độ C. Nghe có vẻ là một điều điên rồ nhưng nhiều du khách cho rằng đây là một phương pháp giúp họ chữa được nhiều bệnh, sống thọ hơn. </p><p>Người đã gợi cảm hứng cho hàng nghìn du khách làm điều này chính là \"Người băng\" Wim Hof, một du khách đến từ Hà Lan. Liệu pháp tắm nước lạnh để sống lâu này cũng được gọi là phương pháp Wim Hof, dựa trên các bài tập thở khác nhau khi ngâm cơ thể trong nhiệt độ cực lạnh.</p><p>Hồ nổi tiếng đến mức được mời xuất hiện trên kênh truyền hình quốc gia. Ông cho biết, mình bắt đầu tắm trong nước đóng băng khi mới 17 tuổi. Thay vì cảm thấy lạnh cóng và chạy vội đi tìm một chiếc khăn quấn cho ấm người, Hof nói rằng việc ngâm trong băng mang lại cho ông cảm giác sảng khoái chưa từng có. Đầu óc ông như tỉnh táo hơn. Và kể từ đó, Hof gắn liền cuộc sống của mình với phương pháp tắm này.</p><p>Hiện tại, khi ở tuổi 60, ông cho biết đã dành cả cuộc đời để giới thiệu phương pháp tắm dưới băng giá này cho mọi người khắp nơi trên thế giới. Hof tin rằng liệu pháp của mình có tác dụng làm giảm bệnh trầm cảm, lo âu.</p><p>Tắm trong nước đóng băng là một truyền thống, hoạt động bơi lội vào mùa đông ở các địa điểm ngoài trời tại các quốc gia Bắc Âu, Mỹ, Australia, Nga. Mọi người thường có thói quen bơi trong các dòng nước đã bị đóng băng. Để tắm được, họ buộc phải làm vỡ băng và nhảy vào dòng nước lạnh giá đó. </p><p>Tuy nhiên, việc bơi trong nhiệt độ quá lạnh này không được các tổ chức y tế trên thế giới khuyến khích. Phương pháp này có thể gây nguy hiểm cho những người không quen bơi trong nước cực lạnh. Ngoài ra, khi cơ thể ngâm trong nước âm độ, nhiều người sẽ bị sốc lạnh, khiến khó thở hoặc thở gấp. Việc khó thở này khiến nhiều người uống phải nước, và có thể dẫn đến chết đuối. Sốc lạnh và ngưng tim cũng là hai nguyên nhân tử vong phổ biến liên quan đến việc tắm trong nước lạnh.</p>',80,'https://i-dulich.vnecdn.net/2019/04/14/1-1555254022-7812-1555254575.png',1,false);
insert into posts values(27,9,'Malaysia điều tra vụ khách nước ngoài đại tiện trên bãi tắm',2,5,'2019-04-17','Cảnh sát Malaysia vào cuộc điều tra sau khi người dân đăng tải những bức ảnh, tố cáo một phụ nữ đi vệ sinh trên bãi biển nổi tiếng.','<p>Tài khoản Tsuji Ryuu mới đây đăng tải loạt ảnh trên Twitter cho thấy một phụ nữ có hành vi phản cảm ở bãi biển Batu 5, thành phố Port Dickson, bang Negri Sembilan, Malaysia. Tài khoản này khẳng định người trong ảnh là một du khách Trung Quốc đang kéo quần và ngồi xổm trên bãi biển. Hai phụ nữ khác đứng cạnh khi người này đại tiện.</p><p>Mohd Zamri Mohd Esa, chủ tịch Hội đồng thành phố Port Dickson (MPPD), cho biết cơ quan này đang điều tra về sự việc trên dù cảnh sát chưa nhận được khiếu nại từ người dân.</p><p>\"Chúng tôi khuyến khích bất kỳ ai có thông tin liên quan đến sự việc hãy liên hệ ngay với cảnh sát để hỗ trợ công tác điều tra\", theo ông Aidi Sham Mohamed, cảnh sát trưởng thành phố Port Dickson.</p><p>Hội đồng thành phố này cũng đang huy động vốn để xây dựng một nhà vệ sinh công cộng trên bãi biển Batu 5 nổi tiếng.</p>',85,'https://i-dulich.vnecdn.net/2019/04/17/malaysia-tam-bien-1555497165-5220-1555497727.png',1,false);
insert into posts values(28,9,'Truyền thuyết về \’em bé tà thuật\’ trong đền chùa Thái Lan',2,5,'2019-04-17','Du khách có thể tìm thấy nhiều chùa bán tượng gỗ nhỏ tạc hình một cậu bé, tóc búi chỏm, giơ tay cầu nguyện.','<p>Những pho tượng trên là phiên bản của kuman thong (nghĩa là \"cậu bé vàng\" trong tiếng Thái Lan). Ngày nay, chúng còn có phiên bản hiện đại hơn, dạng búp bê, rao bán trên thị trường với giá trung bình 1 - 3 triệu đồng, có con được bán vài chục triệu đồng.</p><p>Tuy nhiên, những bức tượng em bé có giá trị nhất được cho là chạm khắc từ gỗ của các ngôi chùa Phật giáo đã bị phá hủy. Nhiều người tin rằng gỗ xây đền chùa thấm đẫm sự linh thiêng từ các nhà sư hành lễ và cầu nguyện bên trong.</p><p>Câu chuyện kỳ bí về kuman thong lần đầu được nhà thơ Thái Lan, Sunthon Phu, nhắc đến trong truyền thuyết Khun Chang, Khun Phaen.</p><p>Truyện kể về Khun Phaen, vị tướng trong quân đội của Ayutthaya (một vương quốc của người Thái tồn tại từ năm 1351 đến 1767). Khun Phaen vừa giỏi võ vừa tinh thông pháp thuật. Anh ta có những linh hồn quanh mình để xua đuổi ma quỷ, giúp đi mây về gió, thu thập tin tức khắp nơi. Trong truyền thuyết, Khun Phaen dùng tà thuật để thu phục sinh linh của đứa con trai chưa chào đời trong bụng người vợ đã chết. Linh hồn của em bé này được gọi là kuman thong, đi theo hộ mệnh cho Khun Phaen.</p><p>Dù có nguồn gốc hư cấu, tà thuật trên vẫn phát triển ở miền nam Thái Lan, với niềm tin rằng những sinh linh bất hạnh sẽ cảnh báo bất kỳ nguy hiểm nào đe dọa gia chủ. Nhiều tài liệu cổ ghi chép lại những bước để thầy phù thủy thực hiện nghi lễ trước khi trời sáng để tạo ra những \"em bé vàng\".</p><p>Hiện luật pháp Thái Lan cấm sử dụng những sản phẩm có nguồn gốc từ con người. Tuy nhiên, nhiều cửa hàng bán tượng, búp bê với lời quảng cáo mang lại may mắn vẫn mọc lên, tạo ra thị trường chợ đen nhộn nhịp. Nhiều người đã lên tiếng phản đối loại bùa ngải này và cho rằng đây là hình thức mê tín dị đoan.</p>',90,'https://i-dulich.vnecdn.net/2019/04/16/kuman-thong-bua-phep-155541113-9051-9176-1555412204.png',1,false);
insert into posts values(29,10,'Cuộc đảo chính "chết yểu" của phe đối lập Venezuela',2,1,'2019-05-02','Điểm mấu chốt khiến cuộc đảo chính của Juan Guaido thất bại là ông đã không thể thuyết phục được các chỉ huy quân đội đổi phe.','<p>Rạng sáng 30/4, thủ lĩnh đối lập Venezuela Juan Guaido thực hiện nước cờ táo bạo: ông xuất hiện trong một video, đứng cạnh các binh sĩ ủng hộ mình trước căn cứ không quân La Carlota ở thủ đô Caracas, tuyên bố cuộc nổi dậy mang tên \’Chiến dịch Tự do\’ bắt đầu.</p><p>Đứng cạnh ông là Leopoldo Lopez, nhà hoạt động đã bị chính quyền Maduro quản thúc tại gia vì dẫn đầu lực lượng chống chính phủ năm 2014, hiện là cố vấn chính trị của Guaido. Guaido tuyên bố rằng thời cơ đã đến và kêu gọi quân đội quay lưng với Tổng thống Nicolas Maduro.</p><p>Ngay sau đó, đụng độ nổ ra giữa các binh sĩ bên trong căn cứ La Carlota và lực lượng ủng hộ Guaido, gồm phần lớn là dân thường và vài chục binh sĩ đào ngũ được trang bị vũ khí.</p><p>Với việc tấn công vào căn cứ quân sự La Carlota ở thủ đô, phe đối lập hy vọng tạo tiếng vang bằng một hành động mang tính biểu tượng, kích động cả những người lính lẫn dân thường chấm dứt sự cầm quyền của Maduro.</p><p>Trên đường phố, lực lượng an ninh Venezuela sử dụng xe bọc thép, hơi cay và đạn cao su để chống lại đám đông bạo lực, khiến hơn 100 người bị thương. Người biểu tình cáo buộc quân đội đã sử dụng đạn thật nhưng không đưa ra được bằng chứng.</p><p>Sau buổi trưa, Guaido dẫn đầu nhóm biểu tình về phía tây Caracas nhưng cuộc tuần hành cuối cùng phải giải tán khi đụng độ tiếp tục xảy ra và quân đội phát thông điệp cứng rắn rằng họ sẽ sử dụng biện pháp bạo lực nếu người biểu tình kéo tới Dinh Tổng thống Miraflores.</p><p>Cuối cùng, kế hoạch lật đổ Tổng thống Maduro bằng một cuộc binh biến kết hợp biểu tình quy mô lớn của Guaido đã phá sản hoàn toàn. Vào cuối ngày, Maduro phát biểu trên sóng truyền hình trực tiếp, tuyên bố đã đánh bại cuộc đảo chính, đồng thời cảm ơn các lực lượng vũ trang vì đã \’trung thành tuyệt đối\’ với ông.</p><p>Tuy nhiên, sự kiện này cũng hé lộ sự chia rẽ trong lực lượng vũ trang Venezuela. Trong khi các lãnh đạo cao nhất của quân đội duy trì ủng hộ với Maduro, nhiều sĩ quan cấp trung và cấp thấp sẵn sàng thách thức các chỉ huy của họ và đứng về phe đối lập.</p><p><strong>Phương Vũ (Theo NYTimes)</strong></p>',99,'https://i-vnexpress.vnecdn.net/2019/05/02/0001G23U2-1556774808-9479-1556775788_180x108.jpg',1,false);
insert into posts values(30,10,'Vợ con chủ tịch Korean Air ra tòa vì thuê giúp việc bất hợp pháp',2,1,'2019-05-02','Mẹ con bà Lee bị cáo buộc tuyển dụng và thuê bất hợp pháp 11 lao động Philippines bằng cách đăng ký họ là thực tập sinh Korean Air.','<p>Lee Myung-hee, người vợ góa của chủ tịch Korean Air Cho Yang-ho, và con gái Cho Hyun-ah hôm nay xuất hiện tại Tòa án quận trung tâm Seoul, Hàn Quốc vì cáo buộc thuê người giúp việc bất hợp pháp từ Philippines. Cả hai từ chối trả lời phóng viên khi tới tòa.</p><p>Công tố viên buộc tội Lee và Cho tháng 12 năm ngoái vì tuyển dụng và thuê bất hợp pháp 11 người giúp việc từ Philippines bằng cách đăng ký họ là thực tập sinh của Korean Air từ năm 2013 đến đầu năm 2018. Theo luật pháp Hàn Quốc, người nước ngoài phải có thị thực dành cho người di cư đã kết hôn, người có thân nhân được sinh ra tại Hàn Quốc hoặc được nhận làm con nuôi người Hàn Quốc, mới có thể làm giúp việc.</p><p>Công tố viên đang đề nghị phạt 15 triệu won (12.900 USD) đối với Cho Hyun-ah, người đã thừa nhận sai phạm. Lee Myung-hee nói với công tố viên rằng bà không biết những người phụ nữ Philippines được thuê bất hợp pháp.</p><p>Không giống các khu vực phát triển tại châu Á, Singapore hay Hong Kong, người Hàn Quốc hiếm khi thuê giúp việc người nước ngoài. Tuy nhiên, những bà mẹ có con nhỏ tại quận Gangnam giàu có của Seoul thường lén thuê giúp việc từ Philippines, những người có thể dạy tiếng Anh cho trẻ tại nhà.</p><p>Korean Air chìm trong loạt bê bối những năm gần đây liên quan đến các thành viên gia đình Cho Yang-ho và đỉnh điểm là cáo trạng Cho tham ô và vi phạm tín nhiệm vào năm ngoái. Cho phủ nhận các cáo buộc chống lại mình.</p><p>Rắc rối bắt đầu từ cuối năm 2014 khi Cho Hyun-ah, phó chủ tịch Korean Air, buộc phi cơ quay lại cổng ở sân bay New York và đuổi một tiếp viên khỏi máy bay vì người này đưa túi hạt mắc ca cho cô thay vì đổ ra đĩa. Cô phải từ chức vào cuối năm 2014 và bị kết án tù vì đe dọa an toàn bay.</p><p>Con gái thứ hai Cho Hyun-min, giám đốc tiếp thị của hãng hàng không, bị cáo buộc hất nước vào mặt người khác trong cuộc họp kinh doanh khi nghe được câu trả lời không vừa ý. Cô đang bị cảnh sát điều tra với cáo buộc hành hung nhân viên. Tháng 5/2018, bà Lee Myung-hee bị điều tra cáo buộc tấn công và sỉ nhục nhân viên tại công trường xây dựng năm 2014.</p><p>Cho Yang-ho qua đời vì bệnh phổi ở Los Angeles tháng trước, vài tuần sau khi các cổ đông bỏ phiếu loại ông khỏi hội đồng quản trị vì các bê bối xung quanh gia đình ông.</p><p><strong> Phương Vũ (Theo AP)</strong></p>',99,'https://i-vnexpress.vnecdn.net/2019/05/02/korean-air-3603-1556794892.jpg',1,false);
insert into posts values(31,10,'Sinh viên tạo dung dịch từ vỏ tôm giữ nông sản tươi hơn 10 ngày',1,2,'2019-04-22','Khi phun dung dịch sẽ tạo lớp màng mỏng bám trên bề mặt vỏ nông sản tránh sâu bọ, vi sinh, nấm mốc và giảm được quá trình oxy hóa.','<p>Tại cuộc thi Công nghệ chế biến sau thu hoạch năm 2019 vừa tổ chức tháng 4/2019, cô sinh viên Bùi Thị Khánh Linh, Đại học Khoa học Tự nhiên (Đại học Quốc gia TP HCM) để lại nhiều ấn tượng khi giành giải nhất với nghiên cứu và chiết xuất dung dịch biến tính chitosan từ vỏ tôm, cua với dịch chiết polyphenols trong trà xanh thay thế hóa chất để bảo quản nông sản tươi lâu.</p><p>Nghiên cứu được đánh giá cao trong bối cảnh nông sản Việt bị thất thoát nhiều sau thu hoạch và các chất bảo quản hóa học có nguy cơ ảnh hưởng sức khỏe người tiêu dùng.</p><p>Tác giả đã tạo dung dịch bằng cách sử dụng chất khử nhóm hydroxyl, amino và α – methylene để tạo gốc tự do trên mạch cấu tạo của chitosan, rồi gắn các polyphenols lên mạch chitosan. Thay vì nhúng nông sản vào dung dịch bảo quản, tác giả đã dùng phương pháp phun áp suất kết hợp thổi gió (phun sương). Cách này tránh được úng thối khi dung dịch bảo quản dư thừa bám lại trên nông sản.</p><p>Khi phun, dung dịch tạo lớp màng mỏng bám trên bề mặt vỏ nông sản ngăn sâu bọ, vi sinh, nấm mốc phát triển và giảm được quá trình oxy hóa (già hóa) do màng có khả năng thoát khí để nông sản có thể hô hấp.</p><p>So sánh trên các mẫu chuối cho thấy, ở điều kiện thường (nhiệt độ phòng), mẫu chuối không sử dụng chất bảo quản đã chín sau 3 ngày, 5 ngày bắt đầu có đốm đen (bị oxy hóa) và đến ngày thứ 7 bị thối.</p><p>Mẫu chuối bảo quản bằng polyphenols chín ngay sau 2 ngày, 4 ngày xuất hiện đốm đen và 8 ngày sau có nấm mốc trên vỏ. Mẫu được phun dung dịch chitosan chín sau 10 ngày, lớp vỏ chuối chỉ chuyển vàng và thối ở nửa thân dưới quả chuối.</p><p>Với mẫu phun sương biến tính chitosan với dịch chiết polyphenols có thời gian chín lâu nhất (khoảng 10 ngày), vỏ vẫn còn duy trì được màu xanh, chỉ xuất hiện thối ở đầu cuống nhưng không bị nấm mốc trên thân, khối lượng giảm ít.</p><p>Theo đánh giá của giới chuyên môn, kết quả nghiên cứu này tạo tiền đề phát triển chuỗi công nghệ lưu giữ và gia tăng chất lượng nông sản Việt Nam cung cấp cho thị trường nội địa và xuất khấu.</p><p>Linh cho biết, trong tương lai sẽ so sánh hiệu quả của việc sử dụng biến tính chitosan với dịch chiết polyphenols từ trà xanh với các loại thực vật khác để tìm ra nguồn nguyên liệu polyphenols tốt nhất cho bảo quản nông sản.</p><p><strong> Phương Vũ </strong></p>',98,'https://i-vnexpress.vnecdn.net/2019/04/22/tac-gia-dung-dich-sinh-hoc-6456-1555903197.jpg',1,false);
insert into posts values(32,10,'Doanh nghiệp công nghệ chế biến quan tâm tới thị trường nông sản Việt',2,1,'2019-03-17','Cuộc triển lãm quy mô quốc tế sẽ trình diễn những công nghệ mới nhất trong lĩnh vực đóng gói, bảo quản thực phẩm, nông sản.','<p>Công nghệ mới nhất trong lĩnh vực đóng gói, bảo quản thực phẩm, nông sản sẽ được trình diễn tại Triển lãm quốc tế về công nghiệp chế biến, đóng gói và bảo quản nông sản, thực phẩm (Vietnam PFA 2019) tổ chức tại TP HCM từ ngày 24-27/7.</p><p>Bên cạnh triển lãm, hội thảo về xúc tiến thương mại, công nghệ chế biến, đóng gói thực phẩm, các diễn đàn B2B làm cầu nối thúc đẩy xúc tiến thương mại lĩnh vực này cũng sẽ được tổ chức. Các hoạt động này sẽ là cơ hội giúp doanh nghiệp sản xuất thực phẩm trong nước tiếp cận với công nghệ chế biến, đóng gói mới nhất, cũng như mở ra cơ hội tìm kiếm hợp tác đầu tư, gia tăng chuỗi giá trị cho nông sản, thực phẩm Việt.</p><p>Ngoài ra, một trung tâm cung cấp thông tin và hỗ trợ doanh nghiệp tiếp cận các thông tin về thị trường, công nghệ chế biến đóng gói thực phẩm thế giới cũng sẽ được lập ngay tại triển lãm, giúp các doanh nghiệp tìm hiểu quy định của thị trường nhập khẩu thế giới. Nhà tổ chức kỳ vọng sẽ có khoảng 35.000 người tham gia trong 4 ngày sự kiện tại TP HCM.</p><p>Năm 2018, tăng trưởng lĩnh vực nông - lâm - thủy sản tăng 3,76%, cao nhất trong 7 năm, giá trị sản xuất tăng 3,86%. Công nghiệp chế biến nông - lâm - thủy sản tiếp tục được nâng cao năng lực, chế biến sâu. 16 nhà máy chế biến rau quả, thịt lợn, gia cầm hiện đại với tổng mức đầu tư khoảng 8.700 tỷ đồng được khởi công và khánh thành.</p><p>Theo định hướng tới năm 2030, ngành nông sản sẽ gia tăng giá trị qua chế biến 7-8% một năm và trên 50% cơ sở chế biến đạt trình độ công nghệ tiên tiến, tăng năng suất lao động 7% một năm.</p><p><strong> Phương Vũ </strong></p>',55,'https://i-kinhdoanh.vnecdn.net/2019/03/18/chebien500-9385-1552903343.jpg',1,false);
insert into posts values(33,10,'Thông quan hơn 5.000 tấn nguyên liệu hải sản khai thác',2,2,'2019-04-05','29/32 cảng cá đã được chỉ định tạo điều kiện hoàn thiện thủ tục xuất khẩu cho nguyên liệu hải sản.','<p>Theo Hiệp hội Chế biến và Xuất khẩu thủy sản Việt Nam (VASEP), đến 25/3, hơn 5.000 tấn nguyên liệu hải sản khai thác được thu mua từ 32 cảng cá chưa làm được giấy xác nhận (S/C) để hoàn thiện thủ tục xuất khẩu. Tuy nhiên, từ ngày 26/3, 29/32 cảng đã được Bộ Nông nghiệp & Phát triển Nông thôn chỉ định để giải quyết tình trạng tồn đọng này. Do đó, hiện chỉ còn khoảng 90 tấn hải sản nêu trên bị vướng, chưa được giải quyết.</p><p>Hiện, còn lại 3 cảng cá là: Xẻo Nhàu (tỉnh Kiên Giang), cảng Hưng Thái (tỉnh Bà Rịa – Vũng Tàu) và cảng Kỳ Hà (Quảng Nam) với khoảng 90 tấn hải sản được thu mua bởi 3 công ty không nằm trong danh sách các cảng cá chưa đủ điều kiện theo quy định hoặc không nằm trong danh mục quy hoạch tổng thể hệ thống cảng cá theo của Thủ tướng.</p><p>Đến hết 26/3, Bộ đã công bố 47 (trên tổng 83) cảng cá thuộc 18 tỉnh, thành phố ven biển \’có đủ hệ thống xác nhận nguồn gốc từ thủy sản khai thác\’. Các cảng này đáp ứng được nhu cầu xác nhận nguồn gốc thủy sản khai thác của doanh nghiệp, chủ yếu nằm trên khu vực có nhu cầu xác nhận nguồn gốc thủy sản từ khai thác để phục vụ chế biến, xuất khẩu thủy sản đi EU với khối lượng khoảng 25.000 tấn một ngày.</p><p><strong> Phương Vũ </strong></p>',100,'https://i-kinhdoanh.vnecdn.net/2019/04/05/cang-ca-1554425705-7318-1554425758_140x84.png',1,false);
insert into posts values(34,10,'Hải sản ngoại tiền triệu được săn mua ngày Tết',2,2,'2019-02-07','Cua, tu hài có trọng lượng vài kg được nhiều khách săn mua để làm mâm cỗ Tết.','<p>Dọn mâm cỗ toàn hải sản ngày mùng 2 Tết, anh Thành, ở đường 44, quận Tân Bình (TP HCM) cho biết, bữa tiệc này có giá trị hơn chục triệu đồng, đó là chưa kể các loại thức uống nổi tiếng.</p><p>\’Tôi đặt hải sản từ ngày 20/12 dương lịch nhưng phải đến ngày 29/12 (âm lịch) cửa hàng hải sản mới giao để giữ được độ tươi ngon mà không lo hết hàng. Ngoài cua hoàng đế Alaska, năm nay gia đình tôi còn mua thêm tu hài loại 1 kg một con\’, anh Thành chia sẻ.</p><p>Là cửa hàng chuyên bán hải sản lạ, anh Hoàng, ở quận Bình Thạnh cho biết, năm nay nhập 200 con cua hoàng đế Alaska loại 3-5kg nhưng đều hết hàng từ 22 âm lịch nên anh phải nhập thêm 100 con nữa mới đủ hàng cung ứng. \’Ban đầu giá loại này chỉ 1,2 triệu đồng một kg nhưng do cận Tết \’cháy\’ hàng nên giá tăng lên 1,5 triệu đồng. Với những con 5kg, loại này khá hiếm nên giá lên tới gần 8 triệu đồng một con\’, anh Hoàng nói và cho hay, ngoài cua trên thì tu hài, cua Cà Mau, mực lá cũng là những sản phẩm được nhiều khách đặt mua nhất, giá các loại này dao động 500.000 đến 2 triệu đồng một kg.</p><p>\’Những con tu hài loại từ 1 kg trở lên đa phần được những khách quen đặt mua khi hàng vừa mới nhập về. Có nhiều khách mua vài con nặng 1,5 kg về để làm tiệc. Họ sẵn sàng chi vài chục triệu đồng để có được bữa tiệc hải sản lạ miệng, ưng ý\’, chủ cửa hàng hải sản ở quận 7 nói và cho hay, ông nhập về 100 kg tu hài loại lớn nhưng được khách đặt mua hết. Nhiều mối muốn lấy sỉ thì tùy theo số lượng đặt hàng mà cửa hàng đặt riêng theo yêu cầu.</p><p>Tu hài Canada đang là một trong những món hải sản nhập ngoại có giá đắt đỏ tại thị trường Việt, với mức giá từ 1,7 đến 2,5 triệu đồng một kg.</p><p>Cùng với tu hài, tôm hùm Canada hay còn gọi là tôm hùm Alaska đã trở thành mặt hàng được giới nhà giàu Việt ưa chuộng hai năm gần đây. Tôm này cũng là loại được nhiều khách đặt mua dịp Tết. Tôm có trọng lượng khá lớn, trung bình 1-3 kg một con, có con nặng tới 5 kg nhưng loại này không nhiều.</p><p><strong> Phương Vũ </strong></p>',100,'https://i-kinhdoanh.vnecdn.net/2019/02/07/cua1-1549503573-9175-1549504287.png',1,false);

insert into comments values(1,1,3,'ahihi');
insert into comments values(2,1,3,'ahoho');
insert into comments values(3,2,3,'ahohi');

